date,EUR,GBP,GEL
2019-04-05,0.89151,0.7681,2.6903
2019-04-07,0.89027,0.76699,2.6903
2019-04-08,0.88746,0.765575,2.6903
2019-04-09,0.88709,0.76716,2.6893
2019-04-10,0.88693,0.76257,2.6893
2019-04-11,0.88792,0.764915,2.6912
2019-04-12,0.885225,0.76437,2.696
2019-04-13,0.8868,0.764385,2.6953
2019-04-14,0.88343,0.76435,2.6953
2019-04-15,0.884405,0.762865,2.6953
2019-04-16,0.88636,0.766575,2.6916
2019-04-17,0.885275,0.7673,2.6906
2019-04-18,0.890194,0.7697,2.6931
2019-04-19,0.8893,0.76925,2.6939
2019-04-20,0.889165,0.76947,2.6935
2019-04-21,0.889165,0.76947,2.6935
2019-04-22,0.8882,0.7704,2.6935
2019-04-23,0.89177,0.7725,2.6975
2019-04-24,0.89575,0.77353,2.6981
2019-04-25,0.8982,0.7749,2.6984
2019-04-26,0.89593,0.773,2.7007
2019-04-27,0.89578,0.77426,2.7007
2019-04-28,0.89578,0.77426,2.7007
2019-04-29,0.89433,0.773365,2.7007
2019-04-30,0.8916,0.76673,2.7007
2019-05-01,0.88947,0.76451,2.7029
2019-05-02,0.8944,0.76755,2.7044
2019-05-03,0.893,0.76045,2.7051
2019-05-04,0.89194,0.75913,2.707
2019-05-05,0.89194,0.75913,2.707
2019-05-06,0.8928,0.76367,2.707
2019-05-07,0.8949,0.76628,2.7083
2019-05-08,0.89365,0.76898,2.7248
2019-05-09,0.8913,0.7679,2.7384
2019-05-10,0.8898,0.767695,2.7384
2019-05-11,0.890035,0.76947,2.74
2019-05-12,0.890035,0.76947,2.74
2019-05-13,0.89001,0.772215,2.74
2019-05-14,0.89193,0.7738,2.7435
2019-05-15,0.89252,0.777535,2.7422
2019-05-16,0.89446,0.78128,2.7425
2019-05-17,0.89565,0.78538,2.7426
2019-05-18,0.89546,0.78629,2.7424
2019-05-19,0.89546,0.78629,2.7424
2019-05-20,0.89534,0.78602,2.7424
2019-05-21,0.89598,0.78548,2.747
2019-05-22,0.89634,0.78925,2.7676
2019-05-23,0.89453,0.7891,2.7756
2019-05-24,0.89247,0.78677,2.7799
2019-05-25,0.89234,0.786505,2.7802
2019-05-26,0.89234,0.786595,2.7802
2019-05-27,0.89356,0.7887,2.7802
2019-05-28,0.89568,0.7897,2.7811
2019-05-29,0.8981,0.79254,2.7876
2019-05-30,0.8978,0.79275,2.7997
2019-05-31,0.896,0.7918,2.8023
2019-06-01,0.89298,0.791265,2.787
2019-06-02,0.89298,0.79142,2.787
2019-06-03,0.891702,0.79129,2.787
2019-06-04,0.8893,0.7884,2.7793
2019-06-05,0.89025,0.788145,2.7648
2019-06-06,0.88519,0.78691,2.75
2019-06-07,0.881845,0.784655,2.7411
2019-06-08,0.881715,0.78493,2.7344
2019-06-09,0.881715,0.78493,2.7344
2019-06-10,0.883785,0.788215,2.7344
2019-06-11,0.88261,0.7858,2.7348
2019-06-12,0.885725,0.7885,2.7347
2019-06-13,0.88681,0.78868,2.7342
2019-06-14,0.89204,0.79368,2.7389
2019-06-15,0.88988,0.794065,2.7468
2019-06-16,0.88988,0.794065,2.7468
2019-06-17,0.890353,0.7959,2.7468
2019-06-18,0.89297,0.79694,2.7559
2019-06-19,0.89188,0.7919,2.7664
2019-06-20,0.88587,0.787755,2.7871
2019-06-21,0.882115,0.78683,2.7798
2019-06-22,0.877535,0.784805,2.7798
2019-06-23,0.877535,0.784805,2.7798
2019-06-24,0.877925,0.785,2.7798
2019-06-25,0.87998,0.787735,2.7945
2019-06-26,0.8783,0.7875,2.8333
2019-06-27,0.879555,0.7885,2.847
2019-06-28,0.88,0.7879,2.8791
2019-06-29,0.878005,0.78771,2.8687
2019-06-30,0.878005,0.78771,2.8687
2019-07-01,0.88538,0.79113,2.8687
2019-07-02,0.8843,0.79274,2.8225
2019-07-03,0.886485,0.795125,2.8237
2019-07-04,0.886395,0.795,2.8155
2019-07-05,0.89132,0.799125,2.8064
2019-07-06,0.89035,0.798595,2.8012
2019-07-07,0.89035,0.798595,2.8012
2019-07-08,0.891625,0.7988,2.8012
2019-07-09,0.89226,0.8025,2.832
2019-07-10,0.888395,0.7994,2.9096
2019-07-11,0.888534,0.79875,2.8542
2019-07-12,0.88755,0.7957,2.8476
2019-07-13,0.885935,0.79542,2.8513
2019-07-14,0.885935,0.79542,2.8513
2019-07-15,0.88813,0.79892,2.8513
2019-07-16,0.89164,0.8052,2.8555
2019-07-17,0.890705,0.803165,2.8608
2019-07-18,0.89072,0.8008,2.8687
2019-07-19,0.89078,0.8,2.8714
2019-07-20,0.890195,0.79984,2.8845
2019-07-21,0.890195,0.79984,2.8845
2019-07-22,0.891355,0.8012,2.8845
2019-07-23,0.89679,0.80403,2.8831
2019-07-24,0.89715,0.80015,2.8971
2019-07-25,0.8977,0.803405,2.901
2019-07-26,0.8991,0.807305,2.9171
2019-07-27,0.89706,0.807685,2.9321
2019-07-28,0.89706,0.807685,2.9321
2019-07-29,0.897625,0.818515,2.9321
2019-07-30,0.89674,0.822435,2.9346
2019-07-31,0.8987,0.8187,2.9507
2019-08-01,0.903455,0.823575,2.9718
2019-08-02,0.89971,0.823625,2.9296
2019-08-03,0.89851,0.822435,2.887
2019-08-04,0.89851,0.822435,2.887
2019-08-05,0.89239,0.82287,2.887
2019-08-06,0.892925,0.82316,2.8946
2019-08-07,0.8906,0.8229,2.9321
2019-08-08,0.89217,0.82327,2.9338
2019-08-09,0.89182,0.8288,2.9488
2019-08-10,0.884055,0.83077,2.936
2019-08-11,0.884055,0.83077,2.936
2019-08-12,0.89182,0.8281,2.936
2019-08-13,0.8946,0.8293,2.9173
2019-08-14,0.8974,0.8291,2.909
2019-08-15,0.9009,0.82526,2.9121
2019-08-16,0.901375,0.82282,2.9182
2019-08-18,0.90135,0.82298,2.9232
2019-08-19,0.9012,0.824285,2.9232
2019-08-20,0.90111,0.821725,2.9225
2019-08-21,0.90083,0.82378,2.9275
2019-08-22,0.90243,0.81597,2.9354
2019-08-23,0.89772,0.8154,2.9336
2019-08-24,0.88964,0.81443,2.9279
2019-08-25,0.88964,0.81443,2.9279
2019-08-26,0.90015,0.817945,2.9279
2019-08-27,0.90132,0.8131,2.9399
2019-08-28,0.90257,0.817695,2.9415
2019-08-29,0.9048,0.8198,2.9415
2019-08-30,0.90996,0.8221,2.9379
2019-08-31,0.908225,0.822505,2.9457
2019-09-01,0.908225,0.822505,2.9457
2019-09-02,0.91147,0.82846,2.9457
2019-09-03,0.911715,0.82671,2.9614
2019-09-04,0.90679,0.819195,2.9683
2019-09-05,0.905755,0.81146,2.966
2019-09-06,0.90659,0.81387,2.9598
2019-09-07,0.89827,0.81403,2.9636
2019-09-08,0.89827,0.81403,2.9636
2019-09-09,0.90398,0.80963,2.9636
2019-09-10,0.9055,0.81014,2.97
2019-09-11,0.90852,0.8118,2.9688
2019-09-12,0.9038,0.81001,2.9624
2019-09-13,0.90329,0.8024,2.9638
2019-09-14,0.89634,0.799615,2.9607
2019-09-15,0.89634,0.799615,2.9607
2019-09-16,0.9086,0.8047,2.9607
2019-09-17,0.903725,0.799945,2.9608
2019-09-18,0.904,0.80142,2.9626
2019-09-19,0.90543,0.8006,2.9691
2019-09-20,0.9085,0.80077,2.9738
2019-09-21,0.907855,0.801895,2.9759
2019-09-22,0.907855,0.801895,2.9759
2019-09-23,0.91023,0.80453,2.9759
2019-09-24,0.90771,0.80064,2.9709
2019-09-25,0.91355,0.809175,2.9694
2019-09-26,0.9151,0.810165,2.9737
2019-09-27,0.9138,0.8124,2.9808
2019-09-28,0.91399,0.81365,2.9552
2019-09-29,0.91399,0.81377,2.9552
2019-09-30,0.91679,0.8137,2.9552
2019-10-01,0.9142,0.81198,2.977
2019-10-02,0.912955,0.8129,2.9753
2019-10-03,0.91035,0.80796,2.9755
2019-10-04,0.9105,0.810715,2.97
2019-10-07,0.9106,0.8124,2.9657
2019-10-08,0.9131,0.81825,2.9677
2019-10-09,0.911285,0.81962,2.9683
2019-10-10,0.908,0.807,2.9633
2019-10-11,0.9053,0.789395,2.9714
2019-10-13,0.906208,0.790608,2.9701
2019-10-14,0.90671,0.7958,2.9701
2019-10-15,0.907425,0.784055,2.9701
2019-10-16,0.90225,0.778015,2.9701
2019-10-17,0.898513,0.777855,2.9663
2019-10-18,0.89632,0.77387,2.9682
2019-10-19,0.895656,0.770119,2.9718
2019-10-20,0.895656,0.770119,2.9718
2019-10-21,0.8967,0.770383,2.9718
2019-10-22,0.897706,0.772095,2.9701
2019-10-23,0.8993,0.776875,2.971
2019-10-24,0.9004,0.77789,2.9661
2019-10-25,0.90288,0.779975,2.9515
2019-10-26,0.902486,0.779606,2.9453
2019-10-27,0.902486,0.779606,2.9453
2019-10-28,0.9011,0.7775,2.9453
2019-10-29,0.90017,0.7763,2.946
2019-10-30,0.899078,0.7768,2.9545
2019-10-31,0.89709,0.772735,2.9632
2019-11-01,0.89542,0.7731,2.9597
2019-11-02,0.893455,0.772678,2.9582
2019-11-03,0.895456,0.773036,2.9582
2019-11-04,0.897062,0.774745,2.9582
2019-11-05,0.90359,0.777185,2.9653
2019-11-06,0.902894,0.777025,2.9644
2019-11-07,0.905592,0.780025,2.9608
2019-11-08,0.90745,0.78192,2.9586
2019-11-09,0.907528,0.782779,2.9613
2019-11-10,0.907528,0.782779,2.9613
2019-11-11,0.90581,0.77794,2.9613
2019-11-12,0.90773,0.777895,2.9633
2019-11-13,0.908775,0.778995,2.9618
2019-11-14,0.907775,0.776425,2.9568
2019-11-15,0.9055,0.7751,2.9608
2019-11-16,0.904871,0.774743,2.9723
2019-11-17,0.904871,0.774743,2.9723
2019-11-18,0.902465,0.771455,2.9723
2019-11-19,0.90258,0.773345,2.9736
2019-11-20,0.90389,0.774065,2.9735
2019-11-21,0.903595,0.774375,2.9776
2019-11-22,0.90671,0.7796,2.9781
2019-11-23,0.907334,0.77912,2.9749
2019-11-24,0.907235,0.779302,2.9749
2019-11-25,0.90842,0.776285,2.9749
2019-11-26,0.90806,0.7783,2.9753
2019-11-27,0.9091,0.776415,2.9712
2019-11-28,0.908455,0.77462,2.9754
2019-11-29,0.90745,0.772805,2.9744
2019-11-30,0.907593,0.773545,2.9695
2019-12-01,0.907593,0.773545,2.9695
2019-12-02,0.90274,0.773135,2.9695
2019-12-03,0.90176,0.769235,2.9675
2019-12-04,0.90293,0.763735,2.9627
2019-12-05,0.90078,0.759885,2.9573
2019-12-06,0.904865,0.7622,2.9573
2019-12-09,0.9034,0.760255,2.9466
2019-12-10,0.9017,0.759095,2.9446
2019-12-11,0.90146,0.758975,2.9089
2019-12-12,0.89979,0.761665,2.8896
2019-12-13,0.89825,0.749035,2.8661
2019-12-16,0.89753,0.74969,2.8647
2019-12-17,0.89712,0.762745,2.8787
2019-12-18,0.8998,0.76484,2.9044
2019-12-19,0.89867,0.76732,2.9055
2019-12-20,0.902695,0.766635,2.9043
2019-12-23,0.9016,0.774195,2.8957
2019-12-24,0.901892,0.771535,2.876
2019-12-25,0.901104,0.773575,2.868
2019-12-26,0.9007,0.769,2.8746
2019-12-27,0.894942,0.7637,2.8694
2019-12-28,0.894879,0.764526,2.8696
2019-12-29,0.894879,0.764526,2.8696
2019-12-30,0.8916,0.76091,2.8696
2019-12-31,0.89061,0.753554,2.8677
2020-01-01,0.895,0.75358,2.8661
2020-01-02,0.89523,0.76141,2.8661
2020-01-03,0.8949,0.76374,2.8661
2020-01-04,0.896098,0.764088,2.8672
2020-01-05,0.896098,0.764088,2.8672
2020-01-06,0.89392,0.759745,2.8672
2020-01-07,0.89792,0.761955,2.8716
2020-01-08,0.89972,0.763215,2.8716
2020-01-09,0.90063,0.76551,2.8734
2020-01-10,0.89947,0.7657,2.887
2020-01-13,0.89781,0.7702,2.8986
2020-01-14,0.89851,0.768365,2.898
2020-01-15,0.89617,0.767665,2.8876
2020-01-16,0.898285,0.764705,2.8862
2020-01-17,0.901455,0.767615,2.8818
2020-01-18,0.901648,0.768315,2.8781
2020-01-19,0.901648,0.768315,2.8781
2020-01-20,0.90217,0.7693,2.8781
2020-01-21,0.9012,0.7666,2.877
2020-01-22,0.90214,0.761435,2.8877
2020-01-23,0.9058,0.763145,2.8895
2020-01-24,0.907,0.7653,2.8867
2020-01-25,0.906997,0.764868,2.887
2020-01-26,0.906997,0.764868,2.887
2020-01-27,0.90742,0.765955,2.887
2020-01-28,0.908305,0.769465,2.8944
2020-01-29,0.90882,0.768795,2.8929
2020-01-30,0.90666,0.763065,2.8999
2020-01-31,0.90239,0.7583,2.8934
2020-02-01,0.901364,0.757312,2.8898
2020-02-02,0.901364,0.757312,2.8898
2020-02-03,0.90385,0.768855,2.8898
2020-02-04,0.90569,0.767805,2.8834
2020-02-05,0.908735,0.769565,2.8603
2020-02-06,0.91115,0.773295,2.8577
2020-02-07,0.91318,0.775105,2.8612
2020-02-08,0.913551,0.775645,2.8629
2020-02-09,0.913551,0.775645,2.8629
2020-02-10,0.91622,0.774155,2.8629
2020-02-11,0.91602,0.772605,2.8671
2020-02-12,0.9181,0.7707,2.8698
2020-02-13,0.92176,0.765985,2.8686
2020-02-14,0.922505,0.767345,2.8741
2020-02-15,0.923288,0.766454,2.8718
2020-02-16,0.923288,0.766454,2.8718
2020-02-17,0.92281,0.76845,2.8718
2020-02-18,0.924599,0.76841,2.8678
2020-02-19,0.92642,0.772975,2.8631
2020-02-20,0.926415,0.776685,2.8422
2020-02-21,0.921353,0.7713,2.8265
2020-02-22,0.92191,0.771903,2.8299
2020-02-23,0.92191,0.771903,2.8299
2020-02-24,0.9213,0.773955,2.8299
2020-02-25,0.92024,0.769275,2.8079
2020-02-26,0.9186,0.773675,2.7946
2020-02-27,0.91076,0.776455,2.7928
2020-02-28,0.90893,0.782335,2.8042
2020-02-29,0.906799,0.77994,2.7905
2020-03-01,0.906799,0.77994,2.7905
2020-03-02,0.896275,0.781965,2.7905
2020-03-03,0.89472,0.780075,2.7835
2020-03-04,0.89859,0.778735,2.7835
2020-03-05,0.892976,0.772475,2.786
2020-03-06,0.883822,0.76842,2.7735
2020-03-07,0.886014,0.766342,2.7748
2020-03-08,0.886014,0.766342,2.7748
2020-03-09,0.87228,0.76178,2.7748
2020-03-10,0.884805,0.774545,2.7963
2020-03-11,0.887385,0.77775,2.8463
2020-03-12,0.901125,0.79766,2.8791
2020-03-13,0.90366,0.809065,2.9494
2020-03-14,0.897304,0.814996,2.9942
2020-03-15,0.897304,0.814996,2.9942
2020-03-16,0.89665,0.816635,2.9942
2020-03-17,0.911115,0.82983,3.0118
2020-03-18,0.924425,0.865965,3.0807
2020-03-19,0.935725,0.85833,3.1804
2020-03-20,0.93797,0.85389,3.1568
2020-03-21,0.929066,0.858369,3.188
2020-03-22,0.929066,0.858369,3.188
2020-03-23,0.9302,0.871425,3.188
2020-03-24,0.926505,0.849945,3.2389
2020-03-25,0.922375,0.84614,3.4494
2020-03-26,0.9061,0.82167,3.4576
2020-03-27,0.90282,0.80642,3.4842
2020-03-28,0.895375,0.80289,3.2896
2020-03-29,0.895375,0.80289,3.2896
2020-03-30,0.90752,0.806665,3.2896
2020-03-31,0.911235,0.806595,3.2845
2020-04-01,0.91537,0.80655,3.2816
2020-04-02,0.921355,0.80852,3.2413
2020-04-03,0.92739,0.8174,3.1813
2020-04-06,0.92613,0.81239,3.1576
2020-04-07,0.917645,0.811,3.174
2020-04-08,0.92105,0.80588,3.1748
2020-04-09,0.91484,0.80336,3.1794
2020-04-10,0.9134,0.8013,3.1794
2020-04-11,0.914453,0.803406,3.1456
2020-04-12,0.914453,0.803406,3.1456
2020-04-13,0.91627,0.79865,3.1456
2020-04-14,0.912105,0.792865,3.1349
2020-04-15,0.9158,0.7975,3.1349
2020-04-16,0.9227,0.80416,3.1334
2020-04-17,0.9201,0.7998,3.1361
2020-04-18,0.91954,0.799392,3.1361
2020-04-19,0.91954,0.799392,3.1361
2020-04-20,0.91975,0.802275,3.1361
2020-04-21,0.921955,0.81583,3.1361
2020-04-22,0.92466,0.812785,3.1696
2020-04-23,0.924615,0.808655,3.1749
2020-04-24,0.9263,0.810465,3.1854
2020-04-25,0.924039,0.808734,3.2027
2020-04-26,0.924172,0.808407,3.2027
2020-04-27,0.92414,0.80602,3.2027
2020-04-28,0.92277,0.804345,3.2044
2020-04-29,0.921447,0.80402,3.2014
2020-04-30,0.91491,0.795365,3.2032
2020-05-01,0.909915,0.799,3.206
2020-05-02,0.901348,0.799872,3.1923
2020-05-03,0.901348,0.799872,3.1923
2020-05-04,0.917285,0.804065,3.1923
2020-05-05,0.922245,0.80323,3.2095
2020-05-06,0.92507,0.80914,3.1998
2020-05-07,0.92503,0.809695,3.1999
2020-05-08,0.9224,0.80536,3.2032
2020-05-09,0.911536,0.806062,3.21
2020-05-10,0.911536,0.806062,3.21
2020-05-11,0.924935,0.81005,3.21
2020-05-12,0.921675,0.81361,3.2106
2020-05-13,0.923575,0.8176,3.2106
2020-05-14,0.927345,0.819865,3.2037
2020-05-15,0.925112,0.8254,3.2033
2020-05-18,0.9171,0.8212,3.2005
2020-05-19,0.9149,0.81616,3.2012
2020-05-20,0.91086,0.817425,3.201
2020-05-21,0.912875,0.817635,3.2012
2020-05-22,0.918095,0.821415,3.192
2020-05-23,0.917011,0.821959,3.1916
2020-05-24,0.917011,0.821959,3.1916
2020-05-25,0.917895,0.820475,3.1916
2020-05-26,0.91123,0.81055,3.1916
2020-05-27,0.911185,0.817165,3.1916
2020-05-28,0.902486,0.81041,3.1901
2020-05-29,0.90143,0.81295,3.1865
2020-05-30,0.900495,0.810143,3.1761
2020-05-31,0.900495,0.810143,3.1761
2020-06-01,0.89887,0.80266,3.1761
2020-06-02,0.89492,0.79697,3.1172
2020-06-03,0.88996,0.79419,3.0772
2020-06-04,0.882985,0.79359,3.0416
2020-06-05,0.885785,0.78836,2.9841
2020-06-06,0.885622,0.789546,2.9562
2020-06-07,0.885622,0.789546,2.9562
2020-06-08,0.885885,0.78796,2.9562
2020-06-09,0.8813,0.784745,2.9805
2020-06-10,0.8807,0.78389,3.0648
2020-06-11,0.879565,0.79231,3.0393
2020-06-12,0.88883,0.7992,3.0387
2020-06-13,0.888462,0.797162,3.0401
2020-06-14,0.888462,0.797162,3.0401
2020-06-15,0.886035,0.7959,3.0401
2020-06-16,0.8874,0.79372,3.0608
2020-06-17,0.89049,0.79774,3.0643
2020-06-18,0.89225,0.80542,3.0404
2020-06-19,0.89345,0.80895,3.0372
2020-06-20,0.894666,0.809792,3.0385
2020-06-21,0.894666,0.809792,3.0385
2020-06-22,0.8879,0.80215,3.0385
2020-06-23,0.883509,0.79886,3.0442
2020-06-24,0.887,0.80372,3.0535
2020-06-25,0.89075,0.80544,3.0556
2020-06-26,0.89054,0.81019,3.0551
2020-06-27,0.89142,0.810471,3.0556
2020-06-28,0.89142,0.810471,3.0556
2020-06-29,0.88997,0.81397,3.0556
2020-06-30,0.88915,0.80775,3.0552
2020-07-01,0.88803,0.80145,3.0568
2020-07-02,0.8905,0.80215,3.0567
2020-07-03,0.88954,0.802311,3.0463
2020-07-04,0.889284,0.801028,3.0465
2020-07-05,0.889284,0.801028,3.0465
2020-07-06,0.884205,0.80074,3.0465
2020-07-07,0.886035,0.79601,3.0532
2020-07-08,0.882055,0.79358,3.0552
2020-07-09,0.8858,0.79295,3.0594
2020-07-10,0.884775,0.79185,3.06
2020-07-11,0.885348,0.792236,3.0624
2020-07-12,0.885348,0.792236,3.0624
2020-07-13,0.879545,0.79267,3.0624
2020-07-14,0.876865,0.79719,3.0614
2020-07-15,0.876695,0.79445,3.0633
2020-07-16,0.876005,0.794125,3.0651
2020-07-17,0.874012,0.79595,3.0652
2020-07-18,0.874929,0.795786,3.0651
2020-07-19,0.874929,0.795786,3.0651
2020-07-20,0.874385,0.79052,3.0651
2020-07-21,0.868485,0.78471,3.0672
2020-07-22,0.863665,0.78538,3.0701
2020-07-23,0.860805,0.78469,3.0592
2020-07-24,0.859375,0.78215,3.0653
2020-07-25,0.857924,0.781769,3.0731
2020-07-26,0.857924,0.781769,3.0731
2020-07-27,0.851165,0.776665,3.0731
2020-07-28,0.852188,0.77255,3.0727
2020-07-29,0.849205,0.770795,3.0779
2020-07-30,0.847206,0.76525,3.0771
2020-07-31,0.848155,0.763615,3.0719
2020-08-03,0.851462,0.766165,3.0721
2020-08-04,0.849155,0.765425,3.0719
2020-08-05,0.84235,0.762075,3.0729
2020-08-06,0.841835,0.759995,3.0739
2020-08-07,0.849495,0.766605,3.0737
2020-08-08,0.848259,0.766665,3.0758
2020-08-09,0.848259,0.766665,3.0758
2020-08-10,0.851025,0.764275,3.0758
2020-08-11,0.849395,0.763605,3.0743
2020-08-12,0.847855,0.766795,3.0747
2020-08-13,0.846084,0.76445,3.0785
2020-08-14,0.844085,0.763375,3.0728
2020-08-15,0.844423,0.764146,3.0738
2020-08-16,0.844423,0.764146,3.0738
2020-08-17,0.842655,0.763345,3.0738
2020-08-18,0.838,0.75555,3.0686
2020-08-19,0.841655,0.759655,3.0726
2020-08-20,0.843255,0.757775,3.0746
2020-08-21,0.849376,0.764695,3.0718
2020-08-22,0.847817,0.763971,3.0737
2020-08-23,0.847817,0.763971,3.0737
2020-08-24,0.847535,0.76505,3.0737
2020-08-25,0.846575,0.761755,3.0743
2020-08-26,0.845325,0.756765,3.0778
2020-08-27,0.847585,0.758315,3.0804
2020-08-28,0.840885,0.74995,3.0696
2020-08-29,0.839877,0.749005,3.0696
2020-08-30,0.839877,0.749005,3.0696
2020-08-31,0.837335,0.747615,3.0696
2020-09-01,0.837465,0.746455,3.0714
2020-09-02,0.844202,0.750635,3.0762
2020-09-03,0.845045,0.754085,3.0751
2020-09-04,0.845465,0.755305,3.0782
2020-09-05,0.844691,0.752474,3.0804
2020-09-06,0.844691,0.752474,3.0804
2020-09-07,0.846175,0.759215,3.0804
2020-09-08,0.847795,0.766605,3.0829
2020-09-09,0.847131,0.768935,3.089
2020-09-10,0.843865,0.781035,3.0975
2020-09-11,0.844655,0.781145,3.0989
2020-09-12,0.84406,0.781555,3.114
2020-09-13,0.84406,0.781555,3.114
2020-09-14,0.8427,0.777105,3.114
2020-09-15,0.843705,0.775625,3.1308
2020-09-16,0.8451,0.77045,3.1546
2020-09-17,0.845845,0.772575,3.1547
2020-09-18,0.842945,0.772165,3.1886
2020-09-19,0.844616,0.774204,3.214
2020-09-20,0.844616,0.774204,3.214
2020-09-21,0.851865,0.78183,3.214
2020-09-22,0.854525,0.786266,3.2295
2020-09-23,0.855705,0.78343,3.2537
2020-09-24,0.857235,0.7842,3.2641
2020-09-25,0.860215,0.78731,3.2897
2020-09-26,0.859734,0.784622,3.3332
2020-09-27,0.859734,0.784622,3.3332
2020-09-28,0.857845,0.778315,3.3332
2020-09-29,0.852021,0.777825,3.3203
2020-09-30,0.853595,0.77505,3.2878
2020-10-01,0.85148,0.775355,3.2059
2020-10-02,0.85318,0.772945,3.1988
2020-10-03,0.853457,0.773186,3.1975
2020-10-04,0.853457,0.773186,3.1975
2020-10-05,0.848305,0.770335,3.1975
2020-10-06,0.848765,0.771985,3.2017
2020-10-07,0.84951,0.774095,3.2209
2020-10-08,0.850755,0.772655,3.217
2020-10-09,0.8456,0.767784,3.2233
2020-10-10,0.845248,0.766372,3.2172
2020-10-11,0.845248,0.766372,3.2172
2020-10-12,0.8467,0.765385,3.2172
2020-10-13,0.852075,0.771525,3.2197
2020-10-14,0.851135,0.768165,3.2209
2020-10-15,0.8549,0.77435,3.2209
2020-10-16,0.853175,0.773715,3.2249
2020-10-17,0.853607,0.774294,3.2186
2020-10-18,0.853607,0.774294,3.2186
2020-10-19,0.8485,0.77015,3.2186
2020-10-20,0.8453,0.773156,3.2117
2020-10-21,0.842275,0.759745,3.2222
2020-10-22,0.845702,0.763565,3.2274
2020-10-23,0.844425,0.767525,3.2181
2020-10-24,0.842993,0.766548,3.2202
2020-10-25,0.842993,0.766548,3.2202
2020-10-26,0.846025,0.768195,3.2202
2020-10-27,0.845525,0.765415,3.2285
2020-10-28,0.851285,0.770735,3.2242
2020-10-29,0.857285,0.77435,3.2345
2020-10-30,0.858205,0.771615,3.2338
2020-10-31,0.856348,0.772499,3.2327
2020-11-01,0.856348,0.772499,3.2327
2020-11-02,0.859645,0.775185,3.2327
2020-11-03,0.852988,0.76615,3.2438
2020-11-04,0.8531,0.768805,3.2988
2020-11-05,0.846245,0.762025,3.3409
2020-11-06,0.841465,0.7593,3.4
2020-11-07,0.842151,0.760023,3.3613
2020-11-08,0.842151,0.760023,3.3613
2020-11-09,0.846632,0.761605,3.3613
2020-11-10,0.8471,0.755745,3.3308
2020-11-11,0.850015,0.757265,3.3186
2020-11-12,0.846465,0.761035,3.2863
2020-11-13,0.845915,0.759175,3.2914
2020-11-14,0.844923,0.757863,3.2951
2020-11-15,0.844923,0.757863,3.2951
2020-11-16,0.844335,0.757905,3.2951
2020-11-17,0.842868,0.755105,3.3004
2020-11-18,0.842755,0.752045,3.3021
2020-11-19,0.844645,0.756255,3.2919
2020-11-20,0.843425,0.752505,3.2948
2020-11-21,0.843409,0.75268,3.3073
2020-11-22,0.843409,0.75268,3.3073
2020-11-23,0.845795,0.751895,3.3073
2020-11-24,0.841845,0.749085,3.3073
2020-11-25,0.839695,0.747395,3.3193
2020-11-26,0.839695,0.748915,3.3138
2020-11-27,0.836705,0.751715,3.3137
2020-11-28,0.835858,0.751512,3.3164
2020-11-29,0.835858,0.751512,3.3164
2020-11-30,0.837175,0.749335,3.3164
2020-12-01,0.830605,0.746625,3.3253
2020-12-02,0.826975,0.749215,3.3185
2020-12-03,0.823195,0.740955,3.3189
2020-12-04,0.823615,0.74185,3.3119
2020-12-05,0.824875,0.744075,3.3115
2020-12-06,0.824875,0.744075,3.3115
2020-12-07,0.824045,0.749235,3.3115
2020-12-08,0.825655,0.748345,3.291
2020-12-09,0.828075,0.747245,3.27
2020-12-10,0.825275,0.752595,3.2812
2020-12-11,0.825425,0.757385,3.2838
2020-12-12,0.825655,0.756115,3.287
2020-12-13,0.825655,0.756115,3.287
2020-12-14,0.823245,0.750405,3.287
2020-12-15,0.822538,0.74445,3.2889
2020-12-16,0.821115,0.740675,3.2905
2020-12-17,0.815875,0.735545,3.2811
2020-12-18,0.817315,0.740285,3.2846
2020-12-19,0.815827,0.739508,3.2747
2020-12-20,0.815827,0.739508,3.2747
2020-12-21,0.817435,0.749095,3.2747
2020-12-22,0.821765,0.750265,3.266
2020-12-23,0.819974,0.740255,3.2684
2020-12-24,0.820735,0.737945,3.2704
2020-12-25,0.819639,0.738498,3.2703
2020-12-26,0.8141,0.747328,3.2699
2020-12-27,0.8141,0.747328,3.2699
2020-12-28,0.818679,0.74385,3.2699
2020-12-29,0.816325,0.740325,3.2716
2020-12-30,0.814155,0.735475,3.2795
2020-12-31,0.818065,0.732515,3.2766
2021-01-01,0.8216,0.731368,3.2766
2021-01-02,0.824063,0.731368,3.2766
2021-01-03,0.824063,0.731368,3.2766
2021-01-04,0.815795,0.737535,3.2766
2021-01-05,0.813435,0.734265,3.3028
2021-01-06,0.813655,0.735775,3.3074
2021-01-07,0.815135,0.737765,3.3001
2021-01-08,0.815995,0.736275,3.3001
2021-01-09,0.817996,0.737164,3.3035
2021-01-10,0.817996,0.737164,3.3035
2021-01-11,0.821765,0.739945,3.3035
2021-01-12,0.822355,0.733785,3.3012
2021-01-13,0.822475,0.733615,3.2888
2021-01-14,0.822675,0.730815,3.2909
2021-01-15,0.826705,0.735085,3.2935
2021-01-16,0.827849,0.735916,3.2987
2021-01-17,0.827849,0.735916,3.2987
2021-01-18,0.827856,0.736385,3.2987
2021-01-19,0.824755,0.734045,3.2994
2021-01-20,0.825725,0.732535,3.2994
2021-01-21,0.823785,0.728975,3.2982
2021-01-22,0.821105,0.730905,3.301
2021-01-23,0.821389,0.730909,3.3044
2021-01-24,0.821389,0.730909,3.3044
2021-01-25,0.824085,0.731895,3.3044
2021-01-26,0.822565,0.728525,3.3043
2021-01-27,0.826205,0.730005,3.3011
2021-01-28,0.824915,0.728965,3.2969
2021-01-29,0.8238,0.72895,3.2995
2021-01-30,0.823893,0.729262,3.3026
2021-01-31,0.823893,0.729661,3.3026
2021-02-01,0.828085,0.730995,3.3026
2021-02-02,0.831785,0.732945,3.3048
2021-02-03,0.831628,0.732335,3.3072
2021-02-04,0.835115,0.731855,3.314
2021-02-05,0.830865,0.728625,3.3174
2021-02-06,0.829941,0.727987,3.3215
2021-02-07,0.829941,0.727987,3.3215
2021-02-08,0.830185,0.727895,3.3215
2021-02-09,0.826225,0.724925,3.319
2021-02-10,0.824225,0.722135,3.3161
2021-02-11,0.824665,0.72375,3.3112
2021-02-12,0.824595,0.721815,3.295
2021-02-13,0.825048,0.722439,3.2888
2021-02-14,0.825048,0.722439,3.2888
2021-02-15,0.823965,0.718495,3.2888
2021-02-16,0.825885,0.719065,3.2898
2021-02-17,0.830595,0.722345,3.2985
2021-02-18,0.827885,0.716669,3.3044
2021-02-19,0.824125,0.713385,3.3021
2021-02-20,0.825202,0.713521,3.3069
2021-02-21,0.825202,0.713445,3.3069
2021-02-22,0.823075,0.710755,3.3069
2021-02-23,0.823055,0.709395,3.3084
2021-02-24,0.824015,0.709395,3.3169
2021-02-25,0.818235,0.708875,3.3198
2021-02-26,0.826615,0.716605,3.3265
2021-02-27,0.828356,0.718133,3.3255
2021-02-28,0.828356,0.718133,3.3255
2021-03-01,0.829635,0.717245,3.3255
2021-03-02,0.828065,0.716715,3.3268
2021-03-03,0.8282,0.71515,3.3252
2021-03-04,0.830065,0.713845,3.3252
2021-03-05,0.839725,0.724755,3.319
2021-03-08,0.843995,0.724395,3.3202
2021-03-09,0.841115,0.720115,3.3202
2021-03-10,0.840575,0.71995,3.3242
2021-03-11,0.835015,0.715375,3.3238
2021-03-12,0.836485,0.718365,3.3241
2021-03-14,0.836593,0.718159,3.3232
2021-03-15,0.838469,0.720125,3.3232
2021-03-16,0.840705,0.719805,3.3204
2021-03-17,0.840125,0.72045,3.3205
2021-03-18,0.8386,0.717595,3.3252
2021-03-19,0.839945,0.720682,3.3298
2021-03-20,0.836925,0.720981,3.3326
2021-03-21,0.836925,0.720981,3.3326
2021-03-22,0.8377,0.721395,3.3326
2021-03-23,0.842865,0.725905,3.3299
2021-03-24,0.845645,0.728826,3.3343
2021-03-25,0.849745,0.728165,3.3413
2021-03-26,0.847665,0.725071,3.3473
2021-03-27,0.845702,0.725111,3.3718
2021-03-28,0.845702,0.725111,3.3718
2021-03-29,0.849335,0.725785,3.3718
2021-03-30,0.853215,0.728845,3.3846
2021-03-31,0.85125,0.72455,3.4118
2021-04-01,0.849435,0.723535,3.4464
2021-04-02,0.850275,0.72355,3.441
2021-04-05,0.8463,0.71925,3.4343
2021-04-06,0.8436,0.72355,3.4173
2021-04-07,0.84134,0.727755,3.4069
2021-04-08,0.838605,0.727643,3.4134
2021-04-09,0.840265,0.728555,3.426
2021-04-10,0.84028,0.729474,3.426
2021-04-11,0.84028,0.729474,3.426
2021-04-12,0.839195,0.727565,3.426
2021-04-13,0.837626,0.727905,3.4232
2021-04-14,0.834272,0.72465,3.4235
2021-04-15,0.835485,0.725385,3.4432
2021-04-16,0.834934,0.723435,3.4363
2021-04-17,0.834589,0.722883,3.4363
2021-04-18,0.834589,0.722883,3.4363
2021-04-19,0.830815,0.715125,3.4363
2021-04-20,0.831359,0.717215,3.4359
2021-04-21,0.831014,0.718155,3.4499
2021-04-22,0.832695,0.722185,3.4521
2021-04-23,0.827918,0.721745,3.4462
2021-04-24,0.826641,0.720799,3.4464
2021-04-25,0.826641,0.720799,3.4464
2021-04-26,0.827205,0.720015,3.4464
2021-04-27,0.8285,0.718935,3.4534
2021-04-28,0.827055,0.71845,3.4548
2021-04-29,0.825168,0.717055,3.4529
2021-04-30,0.831145,0.722935,3.4503
2021-05-01,0.83195,0.723772,3.4503
2021-05-02,0.83195,0.723772,3.4503
2021-05-03,0.829315,0.718965,3.4503
2021-05-04,0.832015,0.71975,3.4503
2021-05-05,0.833565,0.719195,3.4398
2021-05-06,0.830015,0.72015,3.4399
2021-05-07,0.823515,0.715535,3.443
2021-05-08,0.822149,0.715589,3.4324
2021-05-09,0.822149,0.715589,3.4324
2021-05-10,0.8224,0.707405,3.4324
2021-05-11,0.822132,0.70619,3.4174
2021-05-12,0.828565,0.711175,3.4271
2021-05-13,0.827212,0.712075,3.4271
2021-05-14,0.8239,0.709445,3.4283
2021-05-17,0.8225,0.707355,3.4186
2021-05-18,0.818566,0.704605,3.3979
2021-05-19,0.81884,0.70625,3.3899
2021-05-20,0.818365,0.70509,3.377
2021-05-21,0.821524,0.70656,3.3537
2021-05-22,0.820934,0.706689,3.3056
2021-05-23,0.820934,0.706689,3.3056
2021-05-24,0.818805,0.70645,3.3056
2021-05-25,0.81716,0.70735,3.3126
2021-05-26,0.819504,0.708015,3.2993
2021-05-27,0.820395,0.70541,3.2993
2021-05-28,0.8195,0.70455,3.2635
2021-05-31,0.817762,0.70385,3.2779
2021-06-01,0.8173,0.706025,3.2688
2021-06-02,0.818845,0.70585,3.2547
2021-06-03,0.824825,0.709205,3.2228
2021-06-04,0.8221,0.70585,3.1524
2021-06-05,0.821926,0.70618,3.0791
2021-06-06,0.821926,0.70618,3.0791
2021-06-07,0.819908,0.70515,3.0791
2021-06-08,0.821005,0.706605,3.1569
2021-06-09,0.821315,0.708425,3.1471
2021-06-10,0.8212,0.70575,3.1387
2021-06-11,0.82648,0.708895,3.1613
2021-06-12,0.825835,0.708843,3.1701
2021-06-13,0.825835,0.708843,3.1701
2021-06-14,0.825048,0.708385,3.1701
2021-06-15,0.8246,0.710125,3.204
2021-06-16,0.8255,0.709205,3.1751
2021-06-17,0.8405,0.719325,3.1657
2021-06-18,0.842205,0.72355,3.1587
2021-06-19,0.842861,0.724034,3.1681
2021-06-20,0.842861,0.724034,3.1681
2021-06-21,0.838975,0.718015,3.1681
2021-06-22,0.837885,0.717455,3.1653
2021-06-23,0.837705,0.715995,3.1566
2021-06-24,0.838215,0.718365,3.1549
2021-06-25,0.837785,0.719275,3.147
2021-06-26,0.837795,0.720202,3.1489
2021-06-27,0.837795,0.720539,3.1489
2021-06-28,0.83875,0.720245,3.1489
2021-06-29,0.840505,0.72225,3.1579
2021-06-30,0.843845,0.724575,3.1603
2021-07-01,0.8441,0.726636,3.1659
2021-07-02,0.844488,0.724835,3.1619
2021-07-03,0.842815,0.723458,3.1593
2021-07-04,0.842815,0.723458,3.1593
2021-07-05,0.842638,0.721885,3.1593
2021-07-06,0.846465,0.725735,3.1518
2021-07-07,0.847375,0.724925,3.1478
2021-07-08,0.844274,0.726015,3.137
2021-07-09,0.8426,0.721895,3.1446
2021-07-10,0.841963,0.719295,3.1455
2021-07-11,0.841963,0.719295,3.1455
2021-07-12,0.843385,0.720395,3.1455
2021-07-13,0.847125,0.722405,3.1429
2021-07-14,0.845,0.721595,3.1404
2021-07-15,0.847355,0.72325,3.143
2021-07-16,0.846925,0.72575,3.1386
2021-07-17,0.84707,0.725979,3.1221
2021-07-18,0.84707,0.725979,3.1221
2021-07-19,0.847395,0.731375,3.1221
2021-07-20,0.849355,0.733925,3.1076
2021-07-21,0.847925,0.730265,3.0962
2021-07-22,0.850224,0.72675,3.095
2021-07-23,0.849865,0.726845,3.1191
2021-07-24,0.849524,0.727352,3.1
2021-07-25,0.849524,0.727352,3.1
2021-07-26,0.846655,0.723305,3.1
2021-07-27,0.845045,0.720285,3.0828
2021-07-28,0.846425,0.720225,3.0892
2021-07-29,0.841745,0.716375,3.1052
2021-07-30,0.8432,0.71915,3.1197
2021-07-31,0.842673,0.719166,3.1244
2021-08-01,0.842673,0.719166,3.1244
2021-08-02,0.842415,0.719632,3.1244
2021-08-03,0.842638,0.718655,3.1042
2021-08-04,0.844559,0.719245,3.1048
2021-08-05,0.844715,0.717855,3.1022
2021-08-06,0.850594,0.721065,3.0927
2021-08-07,0.850138,0.720721,3.0993
2021-08-08,0.850138,0.720591,3.0993
2021-08-09,0.8516,0.722285,3.0993
2021-08-10,0.8534,0.72275,3.105
2021-08-11,0.85151,0.720825,3.107
2021-08-12,0.851765,0.72355,3.1079
2021-08-13,0.847422,0.721335,3.1138
2021-08-14,0.847716,0.721241,3.1238
2021-08-15,0.847716,0.721241,3.1238
2021-08-16,0.849135,0.722135,3.1238
2021-08-17,0.8538,0.728205,3.1175
2021-08-18,0.854518,0.727285,3.1191
2021-08-19,0.855542,0.73215,3.1283
2021-08-20,0.854445,0.73355,3.1323
2021-08-21,0.85492,0.73408,3.1257
2021-08-22,0.85492,0.73408,3.1257
2021-08-23,0.852,0.728995,3.1257
2021-08-24,0.8514,0.72905,3.118
2021-08-25,0.850295,0.727975,3.1191
2021-08-26,0.850485,0.729685,3.1305
2021-08-27,0.847415,0.72595,3.1288
2021-08-28,0.847788,0.72648,3.1248
2021-08-29,0.847788,0.72648,3.1248
2021-08-30,0.847709,0.727005,3.1248
2021-08-31,0.846985,0.727325,3.117
2021-09-01,0.844005,0.72555,3.1107
2021-09-02,0.842885,0.723085,3.1148
2021-09-03,0.841195,0.721075,3.1183
2021-09-04,0.841503,0.721241,3.1196
2021-09-05,0.841503,0.721241,3.1196
2021-09-06,0.842435,0.722825,3.1196
2021-09-07,0.844165,0.72515,3.1132
2021-09-08,0.845895,0.725945,3.1115
2021-09-09,0.845135,0.721635,3.1143
2021-09-10,0.846095,0.721925,3.1157
2021-09-11,0.846403,0.722805,3.114
2021-09-12,0.846403,0.722805,3.114
2021-09-13,0.846865,0.722593,3.114
2021-09-14,0.845916,0.72197,3.1152
2021-09-15,0.847134,0.723145,3.1141
2021-09-16,0.8502,0.725524,3.1129
2021-09-17,0.852795,0.727185,3.1141
2021-09-18,0.852813,0.727776,3.1112
2021-09-19,0.852813,0.727776,3.1112
2021-09-20,0.852835,0.732595,3.1112
2021-09-21,0.852765,0.732125,3.1099
2021-09-22,0.852043,0.732325,3.1163
2021-09-23,0.851705,0.727435,3.1155
2021-09-24,0.85353,0.730925,3.1179
2021-09-25,0.853235,0.730727,3.1181
2021-09-26,0.853235,0.730727,3.1181
2021-09-27,0.8545,0.729445,3.1181
2021-09-28,0.855945,0.73885,3.1172
2021-09-29,0.861935,0.74495,3.1207
2021-09-30,0.864045,0.742625,3.1228
2021-10-01,0.8621,0.73715,3.1189
2021-10-02,0.8624,0.73828,3.1345
2021-10-03,0.8624,0.73828,3.1345
2021-10-04,0.860505,0.734705,3.1345
2021-10-05,0.861725,0.733165,3.1411
2021-10-06,0.866288,0.737725,3.1433
2021-10-07,0.865515,0.73395,3.1484
2021-10-08,0.864566,0.734275,3.1449
2021-10-09,0.8639,0.734565,3.1298
2021-10-10,0.8639,0.734565,3.1298
2021-10-11,0.8649,0.734685,3.1298
2021-10-12,0.867285,0.736005,3.13
2021-10-13,0.863765,0.732815,3.1329
2021-10-14,0.863145,0.730905,3.1383
2021-10-15,0.8623,0.726745,3.1383
2021-10-16,0.862135,0.727537,3.1383
2021-10-17,0.862135,0.727537,3.1383
2021-10-18,0.86055,0.72835,3.1383
2021-10-19,0.859465,0.724895,3.1344
2021-10-20,0.85789,0.72315,3.1369
2021-10-21,0.8592,0.724615,3.1411
2021-10-22,0.859586,0.727095,3.141
2021-10-24,0.8586,0.726718,3.14
2021-10-25,0.861555,0.726825,3.14
2021-10-26,0.863115,0.72665,3.1401
2021-10-27,0.861585,0.72725,3.1428
2021-10-28,0.855945,0.724655,3.1557
2021-10-29,0.866535,0.731305,3.1623
2021-10-30,0.864975,0.730727,3.1601
2021-10-31,0.864975,0.730727,3.1601
2021-11-01,0.862685,0.731845,3.1601
2021-11-02,0.863695,0.734895,3.169
2021-11-03,0.863505,0.73215,3.1678
2021-11-04,0.866455,0.74115,3.1576
2021-11-05,0.864735,0.74065,3.1631
2021-11-08,0.862745,0.73721,3.1637
2021-11-09,0.863165,0.738184,3.1622
2021-11-10,0.868045,0.74205,3.1571
2021-11-11,0.87203,0.746975,3.1523
2021-11-12,0.873585,0.745635,3.1492
2021-11-13,0.87389,0.745434,3.1493
2021-11-14,0.87389,0.745434,3.1493
2021-11-15,0.875835,0.744185,3.1493
2021-11-16,0.8821,0.744715,3.155
2021-11-17,0.883945,0.742005,3.1489
2021-11-18,0.880476,0.74175,3.1435
2021-11-19,0.883795,0.742325,3.1303
2021-11-20,0.8865,0.743771,3.112
2021-11-21,0.8865,0.743771,3.112
2021-11-22,0.88815,0.745605,3.112
2021-11-23,0.88778,0.747175,3.1134
2021-11-24,0.8931,0.749785,3.1134
2021-11-25,0.89168,0.750445,3.1153
2021-11-26,0.884325,0.751135,3.1129
2021-11-27,0.8835,0.749485,3.0967
2021-11-28,0.8835,0.749485,3.0967
2021-11-29,0.88784,0.752215,3.0967
2021-11-30,0.886185,0.755065,3.0867
2021-12-01,0.883195,0.751385,3.1179
2021-12-02,0.883915,0.751325,3.1279
2021-12-03,0.884265,0.755485,3.1283
2021-12-04,0.8839,0.755715,3.121
2021-12-05,0.8839,0.755715,3.121
2021-12-06,0.8862,0.754535,3.121
2021-12-07,0.88897,0.755825,3.0967
2021-12-08,0.882625,0.755869,3.0909
2021-12-09,0.886185,0.758065,3.0991
2021-12-10,0.883509,0.75395,3.114
2021-12-11,0.883645,0.753438,3.1004
2021-12-12,0.883645,0.753438,3.1004
2021-12-13,0.885285,0.755505,3.1004
2021-12-14,0.8875,0.75605,3.1002
2021-12-15,0.88809,0.757055,3.0978
2021-12-16,0.884145,0.750565,3.0957
2021-12-17,0.88716,0.753825,3.0972
2021-12-18,0.88983,0.754916,3.0884
2021-12-19,0.88983,0.754916,3.0884
2021-12-20,0.885545,0.756435,3.0884
2021-12-21,0.88782,0.754995,3.0914
2021-12-22,0.883425,0.749345,3.0958
2021-12-23,0.8834,0.745925,3.0939
2021-12-24,0.88407,0.74617,3.0878
2021-12-25,0.8818,0.746965,3.0774
2021-12-26,0.8818,0.746965,3.0774
2021-12-27,0.882574,0.74425,3.0774
2021-12-28,0.883835,0.744445,3.0789
2021-12-29,0.8817,0.742035,3.0899
2021-12-30,0.883475,0.740785,3.0961
2021-12-31,0.878975,0.738895,3.0976
2022-01-01,0.879395,0.739016,3.0892
2022-01-02,0.879395,0.739016,3.0892
2022-01-03,0.886115,0.742505,3.0892
2022-01-04,0.885625,0.738405,3.0887
2022-01-05,0.8825,0.737055,3.0883
2022-01-06,0.884515,0.738795,3.0964
2022-01-07,0.881155,0.736545,3.089
2022-01-08,0.88015,0.735916,3.089
2022-01-09,0.88015,0.735916,3.089
2022-01-10,0.882955,0.736985,3.089
2022-01-11,0.880085,0.734145,3.09
2022-01-12,0.874995,0.73005,3.0893
2022-01-13,0.872325,0.728184,3.0875
2022-01-14,0.876375,0.731625,3.0866
2022-01-15,0.875955,0.731235,3.0775
2022-01-16,0.875955,0.731235,3.0775
2022-01-17,0.876815,0.732585,3.0775
2022-01-18,0.882135,0.736005,3.0811
2022-01-19,0.881515,0.733965,3.084
2022-01-20,0.882395,0.733115,3.084
2022-01-21,0.881575,0.737695,3.0825
2022-01-22,0.881465,0.737735,3.0794
2022-01-23,0.881465,0.737735,3.0794
2022-01-24,0.884125,0.743675,3.0794
2022-01-25,0.886125,0.741065,3.0763
2022-01-26,0.8865,0.739975,3.072
2022-01-27,0.89725,0.746949,3.0696
2022-01-28,0.89625,0.745623,3.0637
2022-01-29,0.89703,0.74599,3.0521
2022-01-30,0.89703,0.745962,3.0521
2022-01-31,0.89223,0.744435,3.0521
2022-02-01,0.89003,0.740505,3.0518
2022-02-02,0.885205,0.737105,3.0451
2022-02-03,0.875295,0.735185,3.0286
2022-02-04,0.873155,0.73845,3.0179
2022-02-05,0.8734,0.738672,2.9867
2022-02-06,0.8734,0.738672,2.9867
2022-02-07,0.874625,0.739065,2.9867
2022-02-08,0.875775,0.737865,2.948
2022-02-09,0.874755,0.73815,2.92
2022-02-10,0.870365,0.733075,2.9331
2022-02-11,0.877195,0.735635,2.9544
2022-02-12,0.8811,0.737327,2.9506
2022-02-13,0.8811,0.737327,2.9506
2022-02-14,0.884675,0.740095,2.9506
2022-02-15,0.8798,0.738545,2.9687
2022-02-16,0.878965,0.736385,3.0276
2022-02-17,0.879705,0.733915,2.9934
2022-02-18,0.882765,0.736135,3.0008
2022-02-19,0.8832,0.735608,2.9778
2022-02-20,0.8832,0.735608,2.9778
2022-02-21,0.8815,0.734705,2.9778
2022-02-22,0.8813,0.735375,2.9769
2022-02-23,0.883755,0.737895,3.003
2022-02-24,0.8971,0.749245,3.0162
2022-02-25,0.88829,0.745825,3.1331
2022-02-26,0.8871,0.746213,3.154
2022-02-27,0.8871,0.745851,3.154
2022-02-28,0.89103,0.745525,3.154
2022-03-01,0.9004,0.750775,3.2054
2022-03-02,0.90014,0.748285,3.2244
2022-03-03,0.90448,0.75005,3.2419
2022-03-04,0.91594,0.75695,3.2419
2022-03-05,0.913435,0.756001,3.2744
2022-03-06,0.913435,0.756001,3.2744
2022-03-07,0.92041,0.762515,3.2744
2022-03-08,0.91888,0.763355,3.3991
2022-03-09,0.9034,0.759455,3.3991
2022-03-10,0.90854,0.762665,3.4019
2022-03-11,0.91432,0.765525,3.3189
2022-03-12,0.91642,0.766959,3.2308
2022-03-13,0.91642,0.766959,3.2308
2022-03-14,0.91162,0.767225,3.2308
2022-03-15,0.91395,0.766775,3.2322
2022-03-16,0.9091,0.762925,3.2178
2022-03-17,0.89931,0.759335,3.2274
2022-03-18,0.90376,0.75875,3.2209
2022-03-19,0.90395,0.758668,3.2096
2022-03-20,0.90395,0.758668,3.2096
2022-03-21,0.90555,0.757385,3.2096
2022-03-22,0.9078,0.754565,3.2219
2022-03-23,0.90874,0.757455,3.2348
2022-03-24,0.91006,0.758645,3.2385
2022-03-25,0.90991,0.758015,3.2372
2022-03-26,0.91045,0.758121,3.2234
2022-03-27,0.91045,0.758121,3.2234
2022-03-28,0.90959,0.763805,3.2234
2022-03-29,0.902242,0.764065,3.1917
2022-03-30,0.89623,0.760815,3.1354
2022-03-31,0.902405,0.761095,3.1013
2022-04-01,0.9054,0.762885,3.0896
2022-04-03,0.9051,0.762515,3.0918
2022-04-04,0.91114,0.76315,3.0918
2022-04-05,0.9162,0.764195,3.0902
2022-04-06,0.91664,0.764615,3.0857
2022-04-07,0.91908,0.765925,3.0839
2022-04-08,0.91968,0.767395,3.0836
2022-04-09,0.91947,0.768149,3.0749
2022-04-10,0.91947,0.768149,3.0749
2022-04-11,0.9194,0.767805,3.0749
2022-04-12,0.92268,0.768085,3.0755
2022-04-13,0.91872,0.76355,3.0841
2022-04-14,0.92448,0.765785,3.083
2022-04-15,0.92535,0.76545,3.0741
2022-04-16,0.924695,0.765697,3.0706
2022-04-17,0.924695,0.765697,3.0706
2022-04-18,0.92846,0.768715,3.0706
2022-04-19,0.92631,0.768985,3.0613
2022-04-20,0.92186,0.765697,3.053
2022-04-21,0.92233,0.76714,3.0273
2022-04-22,0.92731,0.778935,3.0358
2022-04-23,0.92598,0.778847,3.0358
2022-04-24,0.92598,0.778847,3.0358
2022-04-25,0.93329,0.785694,3.0358
2022-04-26,0.93805,0.79319,3.0358
2022-04-27,0.9462,0.79579,3.0368
2022-04-28,0.95154,0.80242,3.0517
2022-04-29,0.9482,0.79544,3.0597
2022-04-30,0.94835,0.795324,3.0591
2022-05-01,0.94835,0.795324,3.0591
2022-05-02,0.95131,0.79971,3.0591
2022-05-03,0.95112,0.80077,3.059
2022-05-04,0.94816,0.80065,3.0331
2022-05-05,0.9512,0.81056,3.0384
2022-05-06,0.94605,0.80928,3.0398
2022-05-07,0.948,0.810406,3.0318
2022-05-08,0.948,0.810406,3.0318
2022-05-09,0.9455,0.809769,3.0318
2022-05-10,0.9486,0.81198,3.0318
2022-05-11,0.94917,0.81336,3.0321
2022-05-12,0.964895,0.81979,3.0261
2022-05-13,0.96055,0.81734,3.0261
2022-05-14,0.96055,0.815328,3.0129
2022-05-15,0.96055,0.815328,3.0129
2022-05-16,0.95901,0.81467,3.0129
2022-05-17,0.94854,0.80113,2.9769
2022-05-18,0.9529,0.80715,2.9654
2022-05-19,0.94444,0.800415,2.9442
2022-05-20,0.94781,0.801635,2.9262
2022-05-21,0.94675,0.800737,2.9036
2022-05-22,0.94675,0.800737,2.9036
2022-05-23,0.9365,0.79565,2.9036
2022-05-24,0.93198,0.79782,2.8767
2022-05-25,0.93829,0.79788,2.8668
2022-05-26,0.93368,0.794855,2.8598
2022-05-27,0.934,0.7934,2.8598
2022-05-28,0.931505,0.791822,2.8657
2022-05-29,0.931505,0.791822,2.8657
2022-05-30,0.9275,0.7904,2.8657
2022-05-31,0.93193,0.792594,2.9546
2022-06-01,0.93983,0.80176,3.0249
2022-06-02,0.93065,0.79497,3.0307
2022-06-03,0.9326,0.79949,3.0076
2022-06-04,0.93285,0.800737,2.9707
2022-06-05,0.93285,0.800737,2.9707
2022-06-06,0.93479,0.79778,2.9707
2022-06-07,0.93435,0.79405,2.9624
2022-06-08,0.93223,0.79715,2.9604
2022-06-09,0.93895,0.799135,2.9634
2022-06-10,0.95059,0.81205,2.9687
2022-06-11,0.950765,0.811919,2.9622
2022-06-12,0.950765,0.811919,2.9622
2022-06-13,0.95762,0.82065,2.9622
2022-06-14,0.9595,0.83323,2.9687
2022-06-15,0.96293,0.82868,2.9631
2022-06-16,0.94655,0.80706,2.9436
2022-06-17,0.95493,0.82034,2.9358
2022-06-18,0.9528,0.817962,2.9239
2022-06-19,0.9528,0.817962,2.9239
2022-06-20,0.9505,0.81641,2.9239
2022-06-21,0.94924,0.81493,2.934
2022-06-22,0.94548,0.81486,2.9277
2022-06-23,0.95168,0.81791,2.9326
2022-06-24,0.94821,0.81513,2.9355
2022-06-25,0.94725,0.815361,2.936
2022-06-26,0.94725,0.815361,2.936
2022-06-27,0.94368,0.81367,2.936
2022-06-28,0.95009,0.81972,2.9349
2022-06-29,0.9569,0.8247,2.9336
2022-06-30,0.9538,0.82116,2.9289
2022-07-01,0.96082,0.82978,2.9283
2022-07-02,0.9589,0.826105,2.9077
2022-07-03,0.9589,0.826105,2.9077
2022-07-04,0.95948,0.82599,2.9077
2022-07-05,0.976295,0.83853,2.8762
2022-07-06,0.982875,0.83926,2.871
2022-07-07,0.984765,0.83284,2.9038
2022-07-08,0.983805,0.83182,2.9119
2022-07-09,0.98175,0.83129,2.8896
2022-07-10,0.98175,0.83129,2.8896
2022-07-11,0.993565,0.84135,2.8896
2022-07-12,0.99365,0.83975,2.883
2022-07-13,0.991785,0.83885,2.8745
2022-07-14,1.000995,0.84859,2.8643
2022-07-15,0.992345,0.84402,2.8559
2022-07-16,0.99138,0.843526,2.8504
2022-07-17,0.99138,0.843562,2.8504
2022-07-18,0.983545,0.8348,2.8504
2022-07-19,0.976755,0.83291,2.8348
2022-07-20,0.981315,0.83552,2.8281
2022-07-21,0.982635,0.836825,2.8203
2022-07-22,0.976895,0.8323,2.8045
2022-07-23,0.979,0.833021,2.7986
2022-07-24,0.979,0.833021,2.7986
2022-07-25,0.978765,0.83012,2.7986
2022-07-26,0.987545,0.83157,2.7917
2022-07-27,0.988735,0.83025,2.7886
2022-07-28,0.985235,0.824946,2.7791
2022-07-29,0.981125,0.82208,2.7703
2022-07-30,0.97795,0.821355,2.7652
2022-07-31,0.97795,0.821355,2.7652
2022-08-01,0.973285,0.81439,2.7652
2022-08-02,0.980855,0.81868,2.7484
2022-08-03,0.985505,0.82392,2.7411
2022-08-04,0.976885,0.8231,2.7332
2022-08-05,0.982235,0.82806,2.7244
2022-08-08,0.980665,0.8276,2.7178
2022-08-09,0.978835,0.82775,2.7141
2022-08-10,0.968865,0.81675,2.71
2022-08-11,0.967985,0.818025,2.7086
2022-08-12,0.974995,0.82452,2.7016
2022-08-13,0.974325,0.823605,2.7089
2022-08-14,0.974325,0.823605,2.7089
2022-08-15,0.982865,0.8278,2.7089
2022-08-16,0.983485,0.82765,2.7877
2022-08-17,0.983526,0.83045,2.8019
2022-08-18,0.990335,0.83683,2.8019
2022-08-19,0.996405,0.84566,2.7891
2022-08-20,0.995835,0.845344,2.7908
2022-08-21,0.995835,0.845344,2.7908
2022-08-22,1.006325,0.84897,2.7908
2022-08-23,1.00235,0.844046,2.7896
2022-08-24,1.005195,0.84875,2.8
2022-08-25,1.004285,0.84622,2.8192
2022-08-26,1.002085,0.851175,2.8705
2022-08-27,1.00345,0.8511,2.8608
2022-08-28,1.00345,0.8511,2.8608
2022-08-29,0.998752,0.853255,2.8608
2022-08-30,0.997445,0.857975,2.8607
2022-08-31,0.994645,0.860025,2.9045
2022-09-01,1.005815,0.866875,2.9002
2022-09-02,1.002895,0.867665,2.9036
2022-09-05,1.006995,0.868445,2.8956
2022-09-06,1.009255,0.866965,2.8795
2022-09-07,1.002975,0.869905,2.8705
2022-09-08,1.003245,0.870705,2.8657
2022-09-09,0.995025,0.861975,2.8543
2022-09-10,0.98485,0.861995,2.8449
2022-09-11,0.98485,0.861995,2.8449
2022-09-12,0.98615,0.854195,2.8449
2022-09-13,1.000355,0.867555,2.8342
2022-09-14,0.999825,0.863985,2.8378
2022-09-15,0.999635,0.871405,2.8299
2022-09-16,0.999625,0.877345,2.8301
2022-09-17,0.99847,0.866814,2.8261
2022-09-18,0.99847,0.866814,2.8261
2022-09-19,0.998735,0.8758,2.8261
2022-09-20,1.002405,0.878695,2.8412
2022-09-21,1.013345,0.883785,2.8462
2022-09-22,1.015995,0.887295,2.8426
2022-09-23,1.02915,0.91717,2.8372
2022-09-24,1.03203,0.920938,2.8286
2022-09-25,1.03203,0.920938,2.8286
2022-09-26,1.03968,0.935105,2.8286
2022-09-27,1.04388,0.93666,2.8344
2022-09-28,1.030585,0.92163,2.8385
2022-09-29,1.022185,0.903495,2.8336
2022-09-30,1.02205,0.8987,2.8352
2022-10-01,1.01991,0.896861,2.8291
2022-10-02,1.01991,0.896861,2.8291
2022-10-03,1.020375,0.887485,2.8291
2022-10-04,1.002845,0.87305,2.8228
2022-10-05,1.013895,0.885755,2.815
2022-10-06,1.020305,0.897885,2.8055
2022-10-07,1.024475,0.901125,2.8043
2022-10-08,1.02668,0.901998,2.7997
2022-10-09,1.02668,0.901998,2.7997
2022-10-10,1.031865,0.906765,2.7997
2022-10-11,1.023605,0.895685,2.798
2022-10-12,1.032895,0.903935,2.792
2022-10-13,1.022445,0.88178,2.7859
2022-10-14,1.028675,0.895365,2.7741
2022-10-15,1.02845,0.895135,2.7741
2022-10-16,1.02845,0.895135,2.7741
2022-10-17,1.016265,0.877525,2.7741
2022-10-18,1.014595,0.883665,2.7645
2022-10-19,1.023625,0.89326,2.7627
2022-10-20,1.020125,0.8884,2.766
2022-10-21,1.015785,0.887645,2.7657
2022-10-22,1.01405,0.884603,2.7569
2022-10-23,1.01405,0.884603,2.7569
2022-10-24,1.013075,0.887385,2.7569
2022-10-25,1.005075,0.872275,2.7578
2022-10-26,0.992605,0.861375,2.7723
2022-10-27,1.00245,0.864405,2.7821
2022-10-28,1.006385,0.863265,2.784
2022-10-29,1.00355,0.861067,2.7758
2022-10-30,1.00355,0.861067,2.7758
2022-10-31,1.011995,0.870285,2.7758
2022-11-01,1.014305,0.873515,2.7754
2022-11-02,1.014035,0.872955,2.7676
2022-11-03,1.02525,0.8947,2.7596
2022-11-04,1.008625,0.885205,2.7491
2022-11-05,1.00165,0.878928,2.7419
2022-11-06,1.00165,0.878928,2.7419
2022-11-07,1.000705,0.872665,2.7419
2022-11-08,0.990895,0.86235,2.734
2022-11-09,0.996205,0.877425,2.7366
2022-11-10,0.982745,0.856255,2.7328
2022-11-11,0.967755,0.847785,2.7261
2022-11-12,0.96405,0.844773,2.7179
2022-11-13,0.96405,0.844773,2.7179
2022-11-14,0.968155,0.853335,2.7179
2022-11-15,0.963695,0.84069,2.7172
2022-11-16,0.962,0.84124,2.7249
2022-11-17,0.968382,0.84795,2.7396
2022-11-18,0.966655,0.84045,2.7272
2022-11-19,0.9666,0.841149,2.7188
2022-11-20,0.9666,0.841149,2.7188
2022-11-21,0.976855,0.84834,2.7188
2022-11-22,0.973445,0.842322,2.7178
2022-11-23,0.965415,0.83061,2.7192
2022-11-24,0.96105,0.8247,2.7192
2022-11-25,0.96133,0.82647,2.7117
2022-11-26,0.9602,0.827061,2.7088
2022-11-27,0.9602,0.827061,2.7088
2022-11-28,0.963,0.83074,2.7088
2022-11-29,0.966005,0.834,2.7103
2022-11-30,0.968965,0.83635,2.7153
2022-12-01,0.9525,0.81646,2.7177
2022-12-02,0.95131,0.81398,2.7112
2022-12-03,0.949,0.813008,2.7056
2022-12-04,0.949,0.813008,2.7056
2022-12-05,0.9516,0.82128,2.7056
2022-12-06,0.9521,0.81802,2.6987
2022-12-07,0.95195,0.82025,2.6943
2022-12-08,0.94764,0.81742,2.6902
2022-12-09,0.94783,0.8117,2.6848
2022-12-11,0.94815,0.815827,2.6802
2022-12-12,0.94806,0.81382,2.6802
2022-12-13,0.94098,0.80848,2.6773
2022-12-14,0.93841,0.8051,2.6766
2022-12-15,0.93986,0.818565,2.6736
2022-12-16,0.942285,0.8216,2.6691
2022-12-17,0.94345,0.823452,2.6674
2022-12-18,0.94345,0.823452,2.6674
2022-12-19,0.9412,0.82045,2.6674
2022-12-20,0.940601,0.82326,2.6682
2022-12-21,0.94356,0.82813,2.6667
2022-12-22,0.9445,0.83048,2.6646
2022-12-23,0.94137,0.82904,2.674
2022-12-26,0.94075,0.82895,2.6883
2022-12-27,0.93838,0.83127,2.7028
2022-12-28,0.9418,0.83135,2.7009
2022-12-29,0.93733,0.8291,2.7055
2022-12-30,0.93567,0.82878,2.7103
2022-12-31,0.93225,0.826583,2.702
2023-01-01,0.93225,0.826583,2.702
2023-01-02,0.9385,0.83009,2.702
2023-01-03,0.94755,0.8355,2.702
2023-01-04,0.94162,0.82956,2.7038
2023-01-05,0.95047,0.84017,2.7094
2023-01-06,0.94164,0.82885,2.7086
2023-01-07,0.93775,0.826925,2.7072
2023-01-08,0.93775,0.826925,2.7072
2023-01-09,0.92949,0.81933,2.7072
2023-01-10,0.93182,0.82314,2.699
2023-01-11,0.93028,0.82413,2.6941
2023-01-12,0.92431,0.82158,2.6867
2023-01-13,0.92517,0.82035,2.6837
2023-01-14,0.92185,0.817595,2.6789
2023-01-15,0.92185,0.817595,2.6789
2023-01-16,0.92379,0.81931,2.6789
2023-01-17,0.92617,0.81527,2.6738
2023-01-18,0.92418,0.80923,2.6726
2023-01-19,0.92555,0.8089,2.6695
2023-01-20,0.92311,0.80818,2.6695
2023-01-21,0.91935,0.807168,2.6594
2023-01-22,0.91935,0.807168,2.6594
2023-01-23,0.9207,0.80882,2.6594
2023-01-24,0.92011,0.81187,2.6504
2023-01-25,0.91764,0.80854,2.6499
2023-01-26,0.92037,0.80878,2.6491
2023-01-27,0.92122,0.80788,2.6451
2023-01-28,0.91975,0.806484,2.6393
2023-01-29,0.91975,0.807689,2.6393
2023-01-30,0.92017,0.808133,2.6393
2023-01-31,0.92106,0.81182,2.641
2023-02-01,0.91592,0.81271,2.6518
2023-02-02,0.91651,0.81615,2.6552
2023-02-03,0.92276,0.82793,2.6474
2023-02-04,0.92355,0.829566,2.6441
2023-02-05,0.92355,0.829566,2.6441
2023-02-06,0.93244,0.83239,2.6441
2023-02-07,0.93417,0.83221,2.6424
2023-02-08,0.93175,0.82724,2.6459
2023-02-09,0.92985,0.82327,2.6558
2023-02-10,0.93712,0.82887,2.6702
2023-02-11,0.93445,0.828912,2.667
2023-02-12,0.93445,0.828912,2.667
2023-02-13,0.9328,0.82395,2.667
2023-02-14,0.93266,0.82262,2.6619
2023-02-15,0.9362,0.83143,2.6583
2023-02-16,0.93575,0.832,2.6532
2023-02-17,0.93659,0.83205,2.6434
2023-02-18,0.9328,0.830289,2.6386
2023-02-19,0.9328,0.830289,2.6386
2023-02-20,0.9356,0.83068,2.6386
2023-02-21,0.93805,0.82531,2.6385
2023-02-22,0.94143,0.82899,2.6365
2023-02-23,0.94491,0.83245,2.6396
2023-02-24,0.94834,0.83707,2.6351
2023-02-25,0.9448,0.837065,2.6325
2023-02-26,0.9448,0.837065,2.6325
2023-02-27,0.94394,0.83131,2.6325
2023-02-28,0.94268,0.82626,2.6272
2023-03-01,0.93714,0.83133,2.6196
2023-03-02,0.94384,0.83745,2.6127
2023-03-03,0.94202,0.83402,2.6064
2023-03-04,0.93895,0.83091,2.6064
2023-03-05,0.93895,0.83091,2.6064
2023-03-06,0.93552,0.8303,2.6064
2023-03-07,0.94553,0.84332,2.6009
2023-03-08,0.94748,0.84462,2.5973
2023-03-09,0.94529,0.83863,2.5973
2023-03-10,0.93775,0.8298,2.5933
2023-03-11,0.9383,0.830979,2.5925
2023-03-12,0.9383,0.830979,2.5925
2023-03-13,0.93154,0.82272,2.5925
2023-03-14,0.93305,0.82266,2.5898
2023-03-15,0.94832,0.83209,2.5851
2023-03-16,0.94157,0.8257,2.5867
2023-03-17,0.93747,0.82147,2.5832
2023-03-18,0.93005,0.821187,2.58
2023-03-19,0.93005,0.821187,2.58
2023-03-20,0.93253,0.81506,2.58
2023-03-21,0.92859,0.82005,2.5763
2023-03-22,0.92628,0.81718,2.5762
2023-03-23,0.91787,0.81131,2.5754
2023-03-24,0.92916,0.81804,2.5768
2023-03-25,0.9275,0.817862,2.5764
2023-03-26,0.9275,0.817862,2.5764
2023-03-27,0.92695,0.81425,2.5764
2023-03-28,0.9223,0.81034,2.5754
2023-03-29,0.92353,0.81244,2.5712
2023-03-30,0.917221,0.8075,2.5655
2023-03-31,0.92057,0.8099,2.5604
2023-04-02,0.9199,0.810045,2.5563
2023-04-03,0.91858,0.80702,2.5563
2023-04-04,0.91376,0.80051,2.5517
2023-04-05,0.9175,0.80311,2.5461
2023-04-06,0.91438,0.80235,2.542
2023-04-07,0.91655,0.80525,2.5375
2023-04-08,0.9094,0.805088,2.533
2023-04-09,0.9094,0.805088,2.533
2023-04-10,0.9216,0.80797,2.533
2023-04-11,0.91756,0.8059,2.5299
2023-04-12,0.90954,0.80113,2.5274
2023-04-13,0.90468,0.79809,2.5261
2023-04-14,0.91088,0.8061,2.5229
2023-04-15,0.9006,0.804959,2.5229
2023-04-16,0.9006,0.804959,2.5229
2023-04-17,0.91644,0.80943,2.5229
2023-04-18,0.911868,0.804915,2.5229
2023-04-19,0.91196,0.80305,2.5197
2023-04-20,0.91195,0.80355,2.517
2023-04-21,0.910706,0.80449,2.514
2023-04-22,0.9011,0.804182,2.5105
2023-04-23,0.9011,0.804182,2.5105
2023-04-24,0.906495,0.802028,2.5105
2023-04-25,0.91163,0.80648,2.5069
2023-04-26,0.90571,0.802,2.5046
2023-04-27,0.90842,0.80224,2.5019
2023-04-28,0.90625,0.79511,2.4991
2023-04-29,0.8987,0.79526,2.4967
2023-04-30,0.8987,0.79526,2.4967
2023-05-01,0.91162,0.800246,2.4967
2023-05-02,0.90908,0.80145,2.494
2023-05-03,0.90511,0.79669,2.4911
2023-05-04,0.90697,0.79393,2.4887
2023-05-05,0.90626,0.79048,2.4858
2023-05-06,0.892,0.791202,2.4834
2023-05-07,0.892,0.791202,2.4834
2023-05-08,0.90685,0.791195,2.4834
2023-05-09,0.9127,0.79311,2.483
2023-05-10,0.91138,0.79211,2.483
2023-05-11,0.91509,0.79903,2.5294
2023-05-12,0.92144,0.80316,2.5458
2023-05-13,0.9141,0.803342,2.5458
2023-05-14,0.9141,0.8026,2.5458
2023-05-15,0.9194,0.79797,2.5458
2023-05-16,0.91985,0.80076,2.5395
2023-05-17,0.92211,0.79975,2.5638
2023-05-18,0.92905,0.80646,2.5347
2023-05-19,0.92395,0.80175,2.531
2023-05-20,0.9239,0.803439,2.534
2023-05-21,0.9239,0.803439,2.534
2023-05-22,0.92485,0.805,2.534
2023-05-23,0.92871,0.80551,2.5376
2023-05-24,0.92948,0.80812,2.557
2023-05-25,0.93334,0.81223,2.5879
2023-05-26,0.93271,0.80976,2.5876
2023-05-27,0.93185,0.809979,2.5876
2023-05-28,0.93185,0.810077,2.5876
2023-05-29,0.93341,0.809127,2.5876
2023-05-30,0.932358,0.80625,2.5823
2023-05-31,0.94023,0.80772,2.5919
2023-06-01,0.92937,0.79761,2.5972
2023-06-02,0.93366,0.80298,2.6396
2023-06-03,0.93235,0.803181,2.6335
2023-06-04,0.93235,0.803181,2.6335
2023-06-05,0.933576,0.804117,2.6335
2023-06-06,0.93557,0.80479,2.6209
2023-06-07,0.935,0.80415,2.6173
2023-06-08,0.927257,0.79667,2.6137
2023-06-09,0.93025,0.79485,2.6102
2023-06-10,0.9289,0.795513,2.6069
2023-06-11,0.9289,0.795513,2.6069
2023-06-12,0.93043,0.80039,2.6069
2023-06-13,0.92615,0.79242,2.6034
2023-06-14,0.9205,0.7878,2.6057
2023-06-15,0.91371,0.7829,2.6153
2023-06-16,0.91473,0.779885,2.6118
2023-06-17,0.91235,0.779788,2.6089
2023-06-18,0.91235,0.780062,2.6089
2023-06-19,0.91585,0.78251,2.6089
2023-06-20,0.91621,0.7841,2.6057
2023-06-21,0.91153,0.78394,2.6164
2023-06-22,0.91288,0.78532,2.6208
2023-06-23,0.91852,0.78748,2.626
2023-06-24,0.9148,0.786535,2.6284
2023-06-25,0.9148,0.786535,2.6284
2023-06-26,0.91677,0.78607,2.6284
2023-06-27,0.91251,0.78432,2.6284
2023-06-28,0.91657,0.79082,2.6285
2023-06-29,0.9196,0.79218,2.622
2023-06-30,0.91618,0.78665,2.6177
2023-07-01,0.91605,0.786999,2.6131
2023-07-02,0.91605,0.786999,2.6131
2023-07-03,0.91613,0.78756,2.6131
2023-07-04,0.91792,0.786285,2.6092
2023-07-05,0.92068,0.78671,2.6055
2023-07-06,0.91968,0.7855,2.6019
2023-07-07,0.91145,0.77836,2.5969
2023-07-08,0.91145,0.77836,2.593
2023-07-09,0.91145,0.77836,2.593
2023-07-10,0.91145,0.77836,2.593
2023-07-11,0.90757,0.775385,2.5894
2023-07-12,0.90715,0.7719,2.587
2023-07-13,0.89734,0.768755,2.5834
2023-07-14,0.8921,0.76345,2.5803
2023-07-15,0.88915,0.763884,2.5771
2023-07-16,0.88915,0.763884,2.5771
2023-07-17,0.890215,0.76462,2.5771
2023-07-18,0.891915,0.767435,2.5731
2023-07-19,0.8936,0.774715,2.5702
2023-07-20,0.8991,0.778135,2.5692
2023-07-21,0.898915,0.777755,2.5693
2023-07-22,0.8982,0.777847,2.5771
2023-07-23,0.8982,0.777756,2.5771
2023-07-24,0.902485,0.77964,2.5771
2023-07-25,0.9055,0.77657,2.6003
2023-07-26,0.903465,0.77441,2.6029
2023-07-27,0.909695,0.778695,2.6247
2023-07-28,0.90677,0.77655,2.6491
2023-07-29,0.9065,0.778452,2.6433
2023-07-30,0.9065,0.778452,2.6433
2023-07-31,0.90866,0.77773,2.6433
2023-08-01,0.91156,0.783615,2.6322
2023-08-02,0.91333,0.7857,2.6215
2023-08-03,0.91245,0.78617,2.6185
2023-08-04,0.90617,0.782445,2.615
2023-08-05,0.907,0.784437,2.6117
2023-08-06,0.907,0.784437,2.6117
2023-08-07,0.90895,0.7829,2.6117
2023-08-08,0.913385,0.785185,2.6106
2023-08-09,0.91105,0.78597,2.6136
2023-08-10,0.907894,0.78615,2.6147
2023-08-11,0.913145,0.787785,2.6315
2023-08-12,0.9121,0.787774,2.6211
2023-08-13,0.9121,0.787774,2.6211
2023-08-14,0.914704,0.787345,2.6211
2023-08-15,0.915885,0.78571,2.6186
2023-08-16,0.91837,0.78539,2.6209
2023-08-17,0.91942,0.783875,2.6226
2023-08-18,0.919875,0.78498,2.6179
2023-08-19,0.9184,0.785299,2.6219
2023-08-20,0.9184,0.785299,2.6219
2023-08-21,0.917385,0.784125,2.6219
2023-08-22,0.92178,0.78545,2.6192
2023-08-23,0.920275,0.78589,2.6215
2023-08-24,0.924165,0.79218,2.6334
2023-08-25,0.92641,0.794835,2.6387
2023-08-26,0.9264,0.794849,2.6299
2023-08-27,0.9264,0.794849,2.6299
2023-08-28,0.92505,0.793765,2.6299
2023-08-29,0.920938,0.792705,2.6299
2023-08-30,0.91551,0.78648,2.6268
2023-08-31,0.922285,0.789935,2.6292
2023-09-01,0.92725,0.79444,2.6293
2023-09-02,0.9263,0.79447,2.6252
2023-09-03,0.9263,0.79447,2.6252
2023-09-04,0.926484,0.79206,2.6252
2023-09-05,0.931945,0.79495,2.6248
2023-09-06,0.932965,0.800065,2.6279
2023-09-07,0.933965,0.80142,2.6268
2023-09-08,0.9343,0.80254,2.6251
2023-09-09,0.93355,0.802246,2.6251
2023-09-10,0.93355,0.802246,2.6251
2023-09-11,0.93024,0.798585,2.6251
2023-09-12,0.932565,0.801415,2.6234
2023-09-13,0.931015,0.800335,2.6238
2023-09-14,0.93875,0.80524,2.6282
2023-09-15,0.937095,0.806495,2.6362
2023-09-16,0.9369,0.807363,2.6333
2023-09-17,0.9369,0.807363,2.6333
2023-09-18,0.935425,0.806777,2.6333
2023-09-19,0.93603,0.80724,2.636
2023-09-20,0.931489,0.80533,2.6412
2023-09-21,0.937855,0.81285,2.675
2023-09-22,0.9383,0.81608,2.6879
2023-09-23,0.93705,0.81706,2.6816
2023-09-24,0.93705,0.81706,2.6816
2023-09-25,0.944305,0.819015,2.6816
2023-09-26,0.94603,0.821515,2.6681
2023-09-27,0.952055,0.82455,2.6732
2023-09-28,0.94706,0.81953,2.6778
2023-09-29,0.945345,0.81923,2.6832
2023-09-30,0.9446,0.819874,2.6783
2023-10-01,0.9446,0.819874,2.6783
2023-10-02,0.953155,0.825585,2.6783
2023-10-03,0.956069,0.8283,2.6811
2023-10-04,0.95105,0.82286,2.6802
2023-10-05,0.949265,0.821155,2.6806
2023-10-06,0.945075,0.817125,2.6783
2023-10-07,0.94335,0.816993,2.6719
2023-10-08,0.94335,0.816993,2.6719
2023-10-09,0.94901,0.819635,2.6719
2023-10-10,0.9419,0.813675,2.6675
2023-10-11,0.942975,0.813315,2.6793
2023-10-12,0.947915,0.81936,2.696
2023-10-13,0.951615,0.823895,2.698
2023-10-14,0.95105,0.82481,2.6984
2023-10-15,0.95105,0.82481,2.6984
2023-10-16,0.948002,0.81962,2.6984
2023-10-17,0.944735,0.819705,2.6977
2023-10-18,0.949305,0.82315,2.6925
2023-10-19,0.94444,0.82202,2.6925
2023-10-20,0.9446,0.82299,2.696
2023-10-21,0.94325,0.822978,2.6958
2023-10-22,0.94325,0.822978,2.6958
2023-10-23,0.938205,0.817865,2.6958
2023-10-24,0.944715,0.822605,2.6971
2023-10-25,0.945745,0.82473,2.6997
2023-10-26,0.949995,0.82636,2.7052
2023-10-27,0.94491,0.82402,2.7058
2023-10-28,0.9453,0.824538,2.7037
2023-10-29,0.9453,0.824538,2.7037
2023-10-30,0.94289,0.82337,2.7037
2023-10-31,0.946445,0.824235,2.7048
2023-11-01,0.949345,0.8249,2.7079
2023-11-02,0.94222,0.820985,2.7149
2023-11-03,0.93158,0.80785,2.7152
2023-11-04,0.93145,0.808081,2.7138
2023-11-05,0.93145,0.808081,2.7138
2023-11-06,0.930685,0.80713,2.7138
2023-11-07,0.93582,0.8132,2.7061
2023-11-08,0.93352,0.813035,2.7
2023-11-09,0.933489,0.81467,2.7025
2023-11-10,0.93717,0.819345,2.7048
2023-11-11,0.9333,0.81813,2.6989
2023-11-12,0.9333,0.81813,2.6989
2023-11-13,0.934645,0.815185,2.6989
2023-11-14,0.920585,0.80082,2.697
2023-11-15,0.92143,0.80441,2.6981
2023-11-16,0.92185,0.80537,2.7008
2023-11-17,0.919414,0.8047,2.7011
2023-11-18,0.91605,0.802762,2.6985
2023-11-19,0.91605,0.802762,2.6985
2023-11-20,0.91372,0.79981,2.6985
2023-11-21,0.91526,0.797775,2.6981
2023-11-22,0.92016,0.80265,2.7037
2023-11-23,0.9169,0.79765,2.7122
2023-11-24,0.914725,0.79353,2.7122
2023-11-25,0.9133,0.793588,2.7128
2023-11-26,0.9133,0.793588,2.7128
2023-11-27,0.914655,0.79318,2.7128
2023-11-28,0.908905,0.787,2.7113
2023-11-29,0.911845,0.78862,2.7128
2023-11-30,0.916445,0.7912,2.7129
2023-12-01,0.918895,0.78816,2.7086
2023-12-02,0.91855,0.787464,2.7026
2023-12-03,0.91855,0.787464,2.7026
2023-12-04,0.924465,0.79215,2.7026
2023-12-05,0.927465,0.79463,2.6943
2023-12-06,0.926935,0.79435,2.6937
2023-12-07,0.926485,0.795025,2.686
2023-12-08,0.93033,0.79759,2.679
2023-12-09,0.9282,0.79694,2.6695
2023-12-10,0.9282,0.79694,2.6695
2023-12-11,0.930615,0.79705,2.6695
2023-12-12,0.927085,0.79695,2.6684
2023-12-13,0.92649,0.79813,2.6734
2023-12-14,0.909205,0.78287,2.6745
2023-12-15,0.91713,0.78717,2.6859
2023-12-16,0.9168,0.788084,2.6816
2023-12-17,0.9168,0.788084,2.6816
2023-12-18,0.91565,0.79103,2.6816
2023-12-19,0.91081,0.78398,2.6802
2023-12-20,0.91253,0.7896,2.6822
2023-12-21,0.909735,0.78936,2.6854
2023-12-22,0.908405,0.786725,2.6882
2023-12-23,0.90705,0.787464,2.6878
2023-12-24,0.90705,0.788924,2.6878
2023-12-25,0.9057,0.78745,2.6878
2023-12-26,0.906245,0.786855,2.6905
2023-12-27,0.89993,0.78159,2.6908
2023-12-28,0.903135,0.78493,2.692
2023-12-29,0.9042,0.7851,2.693
2023-12-30,0.9046,0.784929,2.6894
2023-12-31,0.9046,0.784929,2.6894
