-- phpMyAdmin SQL Dump
-- version 5.2.1
-- https://www.phpmyadmin.net/
--
-- Host: db
-- Generation Time: Jun 12, 2024 at 12:34 PM
-- Server version: 8.4.0
-- PHP Version: 8.2.20

SET SQL_MODE = "NO_AUTO_VALUE_ON_ZERO";
START TRANSACTION;
SET time_zone = "+00:00";


/*!40101 SET @OLD_CHARACTER_SET_CLIENT=@@CHARACTER_SET_CLIENT */;
/*!40101 SET @OLD_CHARACTER_SET_RESULTS=@@CHARACTER_SET_RESULTS */;
/*!40101 SET @OLD_COLLATION_CONNECTION=@@COLLATION_CONNECTION */;
/*!40101 SET NAMES utf8mb4 */;

--
-- Database: `diabetes`
--

-- --------------------------------------------------------

--
-- Table structure for table `bloodtest_results`
--

CREATE TABLE `bloodtest_results` (
  `id` int NOT NULL,
  `Pregnancies` int NOT NULL,
  `Glucose` int NOT NULL,
  `BloodPressure` int NOT NULL,
  `SkinThickness` int NOT NULL,
  `Insulin` int NOT NULL,
  `BMI` decimal(10,8) NOT NULL,
  `DiabetesPedigreeFunction` decimal(5,4) NOT NULL,
  `diagnosis_id` int NOT NULL
) ENGINE=InnoDB DEFAULT CHARSET=utf8mb4 COLLATE=utf8mb4_0900_ai_ci;

--
-- Dumping data for table `bloodtest_results`
--

INSERT INTO `bloodtest_results` (`id`, `Pregnancies`, `Glucose`, `BloodPressure`, `SkinThickness`, `Insulin`, `BMI`, `DiabetesPedigreeFunction`, `diagnosis_id`) VALUES
(2, 6, 148, 72, 35, 0, 33.60000000, 0.6270, 1),
(3, 1, 85, 66, 29, 0, 26.60000000, 0.3510, 2),
(4, 8, 183, 64, 0, 0, 23.30000000, 0.6720, 1),
(5, 1, 89, 66, 23, 94, 28.10000000, 0.1670, 2),
(6, 0, 137, 40, 35, 168, 43.10000000, 2.2880, 1),
(7, 5, 116, 74, 0, 0, 25.60000000, 0.2010, 2),
(8, 3, 78, 50, 32, 88, 31.00000000, 0.2480, 1),
(9, 10, 115, 0, 0, 0, 35.30000000, 0.1340, 2),
(10, 2, 197, 70, 45, 543, 30.50000000, 0.1580, 1),
(11, 8, 125, 96, 0, 0, 0.00000000, 0.2320, 1),
(12, 4, 110, 92, 0, 0, 37.60000000, 0.1910, 2),
(13, 10, 168, 74, 0, 0, 38.00000000, 0.5370, 1),
(14, 10, 139, 80, 0, 0, 27.10000000, 1.4410, 2),
(15, 1, 189, 60, 23, 846, 30.10000000, 0.3980, 1),
(16, 5, 166, 72, 19, 175, 25.80000000, 0.5870, 1),
(17, 7, 100, 0, 0, 0, 30.00000000, 0.4840, 1),
(18, 0, 118, 84, 47, 230, 45.80000000, 0.5510, 1),
(19, 7, 107, 74, 0, 0, 29.60000000, 0.2540, 1),
(20, 1, 103, 30, 38, 83, 43.30000000, 0.1830, 2),
(21, 1, 115, 70, 30, 96, 34.60000000, 0.5290, 1),
(22, 3, 126, 88, 41, 235, 39.30000000, 0.7040, 2),
(23, 8, 99, 84, 0, 0, 35.40000000, 0.3880, 2),
(24, 7, 196, 90, 0, 0, 39.80000000, 0.4510, 1),
(25, 9, 119, 80, 35, 0, 29.00000000, 0.2630, 1),
(26, 11, 143, 94, 33, 146, 36.60000000, 0.2540, 1),
(27, 10, 125, 70, 26, 115, 31.10000000, 0.2050, 1),
(28, 7, 147, 76, 0, 0, 39.40000000, 0.2570, 1),
(29, 1, 97, 66, 15, 140, 23.20000000, 0.4870, 2),
(30, 13, 145, 82, 19, 110, 22.20000000, 0.2450, 2),
(31, 5, 117, 92, 0, 0, 34.10000000, 0.3370, 2),
(32, 5, 109, 75, 26, 0, 36.00000000, 0.5460, 2),
(33, 3, 158, 76, 36, 245, 31.60000000, 0.8510, 1),
(34, 3, 88, 58, 11, 54, 24.80000000, 0.2670, 2),
(35, 6, 92, 92, 0, 0, 19.90000000, 0.1880, 2),
(36, 10, 122, 78, 31, 0, 27.60000000, 0.5120, 2),
(37, 4, 103, 60, 33, 192, 24.00000000, 0.9660, 2),
(38, 11, 138, 76, 0, 0, 33.20000000, 0.4200, 2),
(39, 9, 102, 76, 37, 0, 32.90000000, 0.6650, 1),
(40, 2, 90, 68, 42, 0, 38.20000000, 0.5030, 1),
(41, 4, 111, 72, 47, 207, 37.10000000, 1.3900, 1),
(42, 3, 180, 64, 25, 70, 34.00000000, 0.2710, 2),
(43, 7, 133, 84, 0, 0, 40.20000000, 0.6960, 2),
(44, 7, 106, 92, 18, 0, 22.70000000, 0.2350, 2),
(45, 9, 171, 110, 24, 240, 45.40000000, 0.7210, 1),
(46, 7, 159, 64, 0, 0, 27.40000000, 0.2940, 2),
(47, 0, 180, 66, 39, 0, 42.00000000, 1.8930, 1),
(48, 1, 146, 56, 0, 0, 29.70000000, 0.5640, 2),
(49, 2, 71, 70, 27, 0, 28.00000000, 0.5860, 2),
(50, 7, 103, 66, 32, 0, 39.10000000, 0.3440, 1),
(51, 7, 105, 0, 0, 0, 0.00000000, 0.3050, 2),
(52, 1, 103, 80, 11, 82, 19.40000000, 0.4910, 2),
(53, 1, 101, 50, 15, 36, 24.20000000, 0.5260, 2),
(54, 5, 88, 66, 21, 23, 24.40000000, 0.3420, 2),
(55, 8, 176, 90, 34, 300, 33.70000000, 0.4670, 1),
(56, 7, 150, 66, 42, 342, 34.70000000, 0.7180, 2),
(57, 1, 73, 50, 10, 0, 23.00000000, 0.2480, 2),
(58, 7, 187, 68, 39, 304, 37.70000000, 0.2540, 1),
(59, 0, 100, 88, 60, 110, 46.80000000, 0.9620, 2),
(60, 0, 146, 82, 0, 0, 40.50000000, 1.7810, 2),
(61, 0, 105, 64, 41, 142, 41.50000000, 0.1730, 2),
(62, 2, 84, 0, 0, 0, 0.00000000, 0.3040, 2),
(63, 8, 133, 72, 0, 0, 32.90000000, 0.2700, 1),
(64, 5, 44, 62, 0, 0, 25.00000000, 0.5870, 2),
(65, 2, 141, 58, 34, 128, 25.40000000, 0.6990, 2),
(66, 7, 114, 66, 0, 0, 32.80000000, 0.2580, 1),
(67, 5, 99, 74, 27, 0, 29.00000000, 0.2030, 2),
(68, 0, 109, 88, 30, 0, 32.50000000, 0.8550, 1),
(69, 2, 109, 92, 0, 0, 42.70000000, 0.8450, 2),
(70, 1, 95, 66, 13, 38, 19.60000000, 0.3340, 2),
(71, 4, 146, 85, 27, 100, 28.90000000, 0.1890, 2),
(72, 2, 100, 66, 20, 90, 32.90000000, 0.8670, 1),
(73, 5, 139, 64, 35, 140, 28.60000000, 0.4110, 2),
(74, 13, 126, 90, 0, 0, 43.40000000, 0.5830, 1),
(75, 4, 129, 86, 20, 270, 35.10000000, 0.2310, 2),
(76, 1, 79, 75, 30, 0, 32.00000000, 0.3960, 2),
(77, 1, 0, 48, 20, 0, 24.70000000, 0.1400, 2),
(78, 7, 62, 78, 0, 0, 32.60000000, 0.3910, 2),
(79, 5, 95, 72, 33, 0, 37.70000000, 0.3700, 2),
(80, 0, 131, 0, 0, 0, 43.20000000, 0.2700, 1),
(81, 2, 112, 66, 22, 0, 25.00000000, 0.3070, 2),
(82, 3, 113, 44, 13, 0, 22.40000000, 0.1400, 2),
(83, 2, 74, 0, 0, 0, 0.00000000, 0.1020, 2),
(84, 7, 83, 78, 26, 71, 29.30000000, 0.7670, 2),
(85, 0, 101, 65, 28, 0, 24.60000000, 0.2370, 2),
(86, 5, 137, 108, 0, 0, 48.80000000, 0.2270, 1),
(87, 2, 110, 74, 29, 125, 32.40000000, 0.6980, 2),
(88, 13, 106, 72, 54, 0, 36.60000000, 0.1780, 2),
(89, 2, 100, 68, 25, 71, 38.50000000, 0.3240, 2),
(90, 15, 136, 70, 32, 110, 37.10000000, 0.1530, 1),
(91, 1, 107, 68, 19, 0, 26.50000000, 0.1650, 2),
(92, 1, 80, 55, 0, 0, 19.10000000, 0.2580, 2),
(93, 4, 123, 80, 15, 176, 32.00000000, 0.4430, 2),
(94, 7, 81, 78, 40, 48, 46.70000000, 0.2610, 2),
(95, 4, 134, 72, 0, 0, 23.80000000, 0.2770, 1),
(96, 2, 142, 82, 18, 64, 24.70000000, 0.7610, 2),
(97, 6, 144, 72, 27, 228, 33.90000000, 0.2550, 2),
(98, 2, 92, 62, 28, 0, 31.60000000, 0.1300, 2),
(99, 1, 71, 48, 18, 76, 20.40000000, 0.3230, 2),
(100, 6, 93, 50, 30, 64, 28.70000000, 0.3560, 2),
(101, 1, 122, 90, 51, 220, 49.70000000, 0.3250, 1),
(102, 1, 163, 72, 0, 0, 39.00000000, 1.2220, 1),
(103, 1, 151, 60, 0, 0, 26.10000000, 0.1790, 2),
(104, 0, 125, 96, 0, 0, 22.50000000, 0.2620, 2),
(105, 1, 81, 72, 18, 40, 26.60000000, 0.2830, 2),
(106, 2, 85, 65, 0, 0, 39.60000000, 0.9300, 2),
(107, 1, 126, 56, 29, 152, 28.70000000, 0.8010, 2),
(108, 1, 96, 122, 0, 0, 22.40000000, 0.2070, 2),
(109, 4, 144, 58, 28, 140, 29.50000000, 0.2870, 2),
(110, 3, 83, 58, 31, 18, 34.30000000, 0.3360, 2),
(111, 0, 95, 85, 25, 36, 37.40000000, 0.2470, 1),
(112, 3, 171, 72, 33, 135, 33.30000000, 0.1990, 1),
(113, 8, 155, 62, 26, 495, 34.00000000, 0.5430, 1),
(114, 1, 89, 76, 34, 37, 31.20000000, 0.1920, 2),
(115, 4, 76, 62, 0, 0, 34.00000000, 0.3910, 2),
(116, 7, 160, 54, 32, 175, 30.50000000, 0.5880, 1),
(117, 4, 146, 92, 0, 0, 31.20000000, 0.5390, 1),
(118, 5, 124, 74, 0, 0, 34.00000000, 0.2200, 1),
(119, 5, 78, 48, 0, 0, 33.70000000, 0.6540, 2),
(120, 4, 97, 60, 23, 0, 28.20000000, 0.4430, 2),
(121, 4, 99, 76, 15, 51, 23.20000000, 0.2230, 2),
(122, 0, 162, 76, 56, 100, 53.20000000, 0.7590, 1),
(123, 6, 111, 64, 39, 0, 34.20000000, 0.2600, 2),
(124, 2, 107, 74, 30, 100, 33.60000000, 0.4040, 2),
(125, 5, 132, 80, 0, 0, 26.80000000, 0.1860, 2),
(126, 0, 113, 76, 0, 0, 33.30000000, 0.2780, 1),
(127, 1, 88, 30, 42, 99, 55.00000000, 0.4960, 1),
(128, 3, 120, 70, 30, 135, 42.90000000, 0.4520, 2),
(129, 1, 118, 58, 36, 94, 33.30000000, 0.2610, 2),
(130, 1, 117, 88, 24, 145, 34.50000000, 0.4030, 1),
(131, 0, 105, 84, 0, 0, 27.90000000, 0.7410, 1),
(132, 4, 173, 70, 14, 168, 29.70000000, 0.3610, 1),
(133, 9, 122, 56, 0, 0, 33.30000000, 1.1140, 1),
(134, 3, 170, 64, 37, 225, 34.50000000, 0.3560, 1),
(135, 8, 84, 74, 31, 0, 38.30000000, 0.4570, 2),
(136, 2, 96, 68, 13, 49, 21.10000000, 0.6470, 2),
(137, 2, 125, 60, 20, 140, 33.80000000, 0.0880, 2),
(138, 0, 100, 70, 26, 50, 30.80000000, 0.5970, 2),
(139, 0, 93, 60, 25, 92, 28.70000000, 0.5320, 2),
(140, 0, 129, 80, 0, 0, 31.20000000, 0.7030, 2),
(141, 5, 105, 72, 29, 325, 36.90000000, 0.1590, 2),
(142, 3, 128, 78, 0, 0, 21.10000000, 0.2680, 2),
(143, 5, 106, 82, 30, 0, 39.50000000, 0.2860, 2),
(144, 2, 108, 52, 26, 63, 32.50000000, 0.3180, 2),
(145, 10, 108, 66, 0, 0, 32.40000000, 0.2720, 1),
(146, 4, 154, 62, 31, 284, 32.80000000, 0.2370, 2),
(147, 0, 102, 75, 23, 0, 0.00000000, 0.5720, 2),
(148, 9, 57, 80, 37, 0, 32.80000000, 0.0960, 2),
(149, 2, 106, 64, 35, 119, 30.50000000, 1.4000, 2),
(150, 5, 147, 78, 0, 0, 33.70000000, 0.2180, 2),
(151, 2, 90, 70, 17, 0, 27.30000000, 0.0850, 2),
(152, 1, 136, 74, 50, 204, 37.40000000, 0.3990, 2),
(153, 4, 114, 65, 0, 0, 21.90000000, 0.4320, 2),
(154, 9, 156, 86, 28, 155, 34.30000000, 1.1890, 1),
(155, 1, 153, 82, 42, 485, 40.60000000, 0.6870, 2),
(156, 8, 188, 78, 0, 0, 47.90000000, 0.1370, 1),
(157, 7, 152, 88, 44, 0, 50.00000000, 0.3370, 1),
(158, 2, 99, 52, 15, 94, 24.60000000, 0.6370, 2),
(159, 1, 109, 56, 21, 135, 25.20000000, 0.8330, 2),
(160, 2, 88, 74, 19, 53, 29.00000000, 0.2290, 2),
(161, 17, 163, 72, 41, 114, 40.90000000, 0.8170, 1),
(162, 4, 151, 90, 38, 0, 29.70000000, 0.2940, 2),
(163, 7, 102, 74, 40, 105, 37.20000000, 0.2040, 2),
(164, 0, 114, 80, 34, 285, 44.20000000, 0.1670, 2),
(165, 2, 100, 64, 23, 0, 29.70000000, 0.3680, 2),
(166, 0, 131, 88, 0, 0, 31.60000000, 0.7430, 1),
(167, 6, 104, 74, 18, 156, 29.90000000, 0.7220, 1),
(168, 3, 148, 66, 25, 0, 32.50000000, 0.2560, 2),
(169, 4, 120, 68, 0, 0, 29.60000000, 0.7090, 2),
(170, 4, 110, 66, 0, 0, 31.90000000, 0.4710, 2),
(171, 3, 111, 90, 12, 78, 28.40000000, 0.4950, 2),
(172, 6, 102, 82, 0, 0, 30.80000000, 0.1800, 1),
(173, 6, 134, 70, 23, 130, 35.40000000, 0.5420, 1),
(174, 2, 87, 0, 23, 0, 28.90000000, 0.7730, 2),
(175, 1, 79, 60, 42, 48, 43.50000000, 0.6780, 2),
(176, 2, 75, 64, 24, 55, 29.70000000, 0.3700, 2),
(177, 8, 179, 72, 42, 130, 32.70000000, 0.7190, 1),
(178, 6, 85, 78, 0, 0, 31.20000000, 0.3820, 2),
(179, 0, 129, 110, 46, 130, 67.10000000, 0.3190, 1),
(180, 5, 143, 78, 0, 0, 45.00000000, 0.1900, 2),
(181, 5, 130, 82, 0, 0, 39.10000000, 0.9560, 1),
(182, 6, 87, 80, 0, 0, 23.20000000, 0.0840, 2),
(183, 0, 119, 64, 18, 92, 34.90000000, 0.7250, 2),
(184, 1, 0, 74, 20, 23, 27.70000000, 0.2990, 2),
(185, 5, 73, 60, 0, 0, 26.80000000, 0.2680, 2),
(186, 4, 141, 74, 0, 0, 27.60000000, 0.2440, 2),
(187, 7, 194, 68, 28, 0, 35.90000000, 0.7450, 1),
(188, 8, 181, 68, 36, 495, 30.10000000, 0.6150, 1),
(189, 1, 128, 98, 41, 58, 32.00000000, 1.3210, 1),
(190, 8, 109, 76, 39, 114, 27.90000000, 0.6400, 1),
(191, 5, 139, 80, 35, 160, 31.60000000, 0.3610, 1),
(192, 3, 111, 62, 0, 0, 22.60000000, 0.1420, 2),
(193, 9, 123, 70, 44, 94, 33.10000000, 0.3740, 2),
(194, 7, 159, 66, 0, 0, 30.40000000, 0.3830, 1),
(195, 11, 135, 0, 0, 0, 52.30000000, 0.5780, 1),
(196, 8, 85, 55, 20, 0, 24.40000000, 0.1360, 2),
(197, 5, 158, 84, 41, 210, 39.40000000, 0.3950, 1),
(198, 1, 105, 58, 0, 0, 24.30000000, 0.1870, 2),
(199, 3, 107, 62, 13, 48, 22.90000000, 0.6780, 1),
(200, 4, 109, 64, 44, 99, 34.80000000, 0.9050, 1),
(201, 4, 148, 60, 27, 318, 30.90000000, 0.1500, 1),
(202, 0, 113, 80, 16, 0, 31.00000000, 0.8740, 2),
(203, 1, 138, 82, 0, 0, 40.10000000, 0.2360, 2),
(204, 0, 108, 68, 20, 0, 27.30000000, 0.7870, 2),
(205, 2, 99, 70, 16, 44, 20.40000000, 0.2350, 2),
(206, 6, 103, 72, 32, 190, 37.70000000, 0.3240, 2),
(207, 5, 111, 72, 28, 0, 23.90000000, 0.4070, 2),
(208, 8, 196, 76, 29, 280, 37.50000000, 0.6050, 1),
(209, 5, 162, 104, 0, 0, 37.70000000, 0.1510, 1),
(210, 1, 96, 64, 27, 87, 33.20000000, 0.2890, 2),
(211, 7, 184, 84, 33, 0, 35.50000000, 0.3550, 1),
(212, 2, 81, 60, 22, 0, 27.70000000, 0.2900, 2),
(213, 0, 147, 85, 54, 0, 42.80000000, 0.3750, 2),
(214, 7, 179, 95, 31, 0, 34.20000000, 0.1640, 2),
(215, 0, 140, 65, 26, 130, 42.60000000, 0.4310, 1),
(216, 9, 112, 82, 32, 175, 34.20000000, 0.2600, 1),
(217, 12, 151, 70, 40, 271, 41.80000000, 0.7420, 1),
(218, 5, 109, 62, 41, 129, 35.80000000, 0.5140, 1),
(219, 6, 125, 68, 30, 120, 30.00000000, 0.4640, 2),
(220, 5, 85, 74, 22, 0, 29.00000000, 1.2240, 1),
(221, 5, 112, 66, 0, 0, 37.80000000, 0.2610, 1),
(222, 0, 177, 60, 29, 478, 34.60000000, 1.0720, 1),
(223, 2, 158, 90, 0, 0, 31.60000000, 0.8050, 1),
(224, 7, 119, 0, 0, 0, 25.20000000, 0.2090, 2),
(225, 7, 142, 60, 33, 190, 28.80000000, 0.6870, 2),
(226, 1, 100, 66, 15, 56, 23.60000000, 0.6660, 2),
(227, 1, 87, 78, 27, 32, 34.60000000, 0.1010, 2),
(228, 0, 101, 76, 0, 0, 35.70000000, 0.1980, 2),
(229, 3, 162, 52, 38, 0, 37.20000000, 0.6520, 1),
(230, 4, 197, 70, 39, 744, 36.70000000, 2.3290, 2),
(231, 0, 117, 80, 31, 53, 45.20000000, 0.0890, 2),
(232, 4, 142, 86, 0, 0, 44.00000000, 0.6450, 1),
(233, 6, 134, 80, 37, 370, 46.20000000, 0.2380, 1),
(234, 1, 79, 80, 25, 37, 25.40000000, 0.5830, 2),
(235, 4, 122, 68, 0, 0, 35.00000000, 0.3940, 2),
(236, 3, 74, 68, 28, 45, 29.70000000, 0.2930, 2),
(237, 4, 171, 72, 0, 0, 43.60000000, 0.4790, 1),
(238, 7, 181, 84, 21, 192, 35.90000000, 0.5860, 1),
(239, 0, 179, 90, 27, 0, 44.10000000, 0.6860, 1),
(240, 9, 164, 84, 21, 0, 30.80000000, 0.8310, 1),
(241, 0, 104, 76, 0, 0, 18.40000000, 0.5820, 2),
(242, 1, 91, 64, 24, 0, 29.20000000, 0.1920, 2),
(243, 4, 91, 70, 32, 88, 33.10000000, 0.4460, 2),
(244, 3, 139, 54, 0, 0, 25.60000000, 0.4020, 1),
(245, 6, 119, 50, 22, 176, 27.10000000, 1.3180, 1),
(246, 2, 146, 76, 35, 194, 38.20000000, 0.3290, 2),
(247, 9, 184, 85, 15, 0, 30.00000000, 1.2130, 1),
(248, 10, 122, 68, 0, 0, 31.20000000, 0.2580, 2),
(249, 0, 165, 90, 33, 680, 52.30000000, 0.4270, 2),
(250, 9, 124, 70, 33, 402, 35.40000000, 0.2820, 2),
(251, 1, 111, 86, 19, 0, 30.10000000, 0.1430, 2),
(252, 9, 106, 52, 0, 0, 31.20000000, 0.3800, 2),
(253, 2, 129, 84, 0, 0, 28.00000000, 0.2840, 2),
(254, 2, 90, 80, 14, 55, 24.40000000, 0.2490, 2),
(255, 0, 86, 68, 32, 0, 35.80000000, 0.2380, 2),
(256, 12, 92, 62, 7, 258, 27.60000000, 0.9260, 1),
(257, 1, 113, 64, 35, 0, 33.60000000, 0.5430, 1),
(258, 3, 111, 56, 39, 0, 30.10000000, 0.5570, 2),
(259, 2, 114, 68, 22, 0, 28.70000000, 0.0920, 2),
(260, 1, 193, 50, 16, 375, 25.90000000, 0.6550, 2),
(261, 11, 155, 76, 28, 150, 33.30000000, 1.3530, 1),
(262, 3, 191, 68, 15, 130, 30.90000000, 0.2990, 2),
(263, 3, 141, 0, 0, 0, 30.00000000, 0.7610, 1),
(264, 4, 95, 70, 32, 0, 32.10000000, 0.6120, 2),
(265, 3, 142, 80, 15, 0, 32.40000000, 0.2000, 2),
(266, 4, 123, 62, 0, 0, 32.00000000, 0.2260, 1),
(267, 5, 96, 74, 18, 67, 33.60000000, 0.9970, 2),
(268, 0, 138, 0, 0, 0, 36.30000000, 0.9330, 1),
(269, 2, 128, 64, 42, 0, 40.00000000, 1.1010, 2),
(270, 0, 102, 52, 0, 0, 25.10000000, 0.0780, 2),
(271, 2, 146, 0, 0, 0, 27.50000000, 0.2400, 1),
(272, 10, 101, 86, 37, 0, 45.60000000, 1.1360, 1),
(273, 2, 108, 62, 32, 56, 25.20000000, 0.1280, 2),
(274, 3, 122, 78, 0, 0, 23.00000000, 0.2540, 2),
(275, 1, 71, 78, 50, 45, 33.20000000, 0.4220, 2),
(276, 13, 106, 70, 0, 0, 34.20000000, 0.2510, 2),
(277, 2, 100, 70, 52, 57, 40.50000000, 0.6770, 2),
(278, 7, 106, 60, 24, 0, 26.50000000, 0.2960, 1),
(279, 0, 104, 64, 23, 116, 27.80000000, 0.4540, 2),
(280, 5, 114, 74, 0, 0, 24.90000000, 0.7440, 2),
(281, 2, 108, 62, 10, 278, 25.30000000, 0.8810, 2),
(282, 0, 146, 70, 0, 0, 37.90000000, 0.3340, 1),
(283, 10, 129, 76, 28, 122, 35.90000000, 0.2800, 2),
(284, 7, 133, 88, 15, 155, 32.40000000, 0.2620, 2),
(285, 7, 161, 86, 0, 0, 30.40000000, 0.1650, 1),
(286, 2, 108, 80, 0, 0, 27.00000000, 0.2590, 1),
(287, 7, 136, 74, 26, 135, 26.00000000, 0.6470, 2),
(288, 5, 155, 84, 44, 545, 38.70000000, 0.6190, 2),
(289, 1, 119, 86, 39, 220, 45.60000000, 0.8080, 1),
(290, 4, 96, 56, 17, 49, 20.80000000, 0.3400, 2),
(291, 5, 108, 72, 43, 75, 36.10000000, 0.2630, 2),
(292, 0, 78, 88, 29, 40, 36.90000000, 0.4340, 2),
(293, 0, 107, 62, 30, 74, 36.60000000, 0.7570, 1),
(294, 2, 128, 78, 37, 182, 43.30000000, 1.2240, 1),
(295, 1, 128, 48, 45, 194, 40.50000000, 0.6130, 1),
(296, 0, 161, 50, 0, 0, 21.90000000, 0.2540, 2),
(297, 6, 151, 62, 31, 120, 35.50000000, 0.6920, 2),
(298, 2, 146, 70, 38, 360, 28.00000000, 0.3370, 1),
(299, 0, 126, 84, 29, 215, 30.70000000, 0.5200, 2),
(300, 14, 100, 78, 25, 184, 36.60000000, 0.4120, 1),
(301, 8, 112, 72, 0, 0, 23.60000000, 0.8400, 2),
(302, 0, 167, 0, 0, 0, 32.30000000, 0.8390, 1),
(303, 2, 144, 58, 33, 135, 31.60000000, 0.4220, 1),
(304, 5, 77, 82, 41, 42, 35.80000000, 0.1560, 2),
(305, 5, 115, 98, 0, 0, 52.90000000, 0.2090, 1),
(306, 3, 150, 76, 0, 0, 21.00000000, 0.2070, 2),
(307, 2, 120, 76, 37, 105, 39.70000000, 0.2150, 2),
(308, 10, 161, 68, 23, 132, 25.50000000, 0.3260, 1),
(309, 0, 137, 68, 14, 148, 24.80000000, 0.1430, 2),
(310, 0, 128, 68, 19, 180, 30.50000000, 1.3910, 1),
(311, 2, 124, 68, 28, 205, 32.90000000, 0.8750, 1),
(312, 6, 80, 66, 30, 0, 26.20000000, 0.3130, 2),
(313, 0, 106, 70, 37, 148, 39.40000000, 0.6050, 2),
(314, 2, 155, 74, 17, 96, 26.60000000, 0.4330, 1),
(315, 3, 113, 50, 10, 85, 29.50000000, 0.6260, 2),
(316, 7, 109, 80, 31, 0, 35.90000000, 1.1270, 1),
(317, 2, 112, 68, 22, 94, 34.10000000, 0.3150, 2),
(318, 3, 99, 80, 11, 64, 19.30000000, 0.2840, 2),
(319, 3, 182, 74, 0, 0, 30.50000000, 0.3450, 1),
(320, 3, 115, 66, 39, 140, 38.10000000, 0.1500, 2),
(321, 6, 194, 78, 0, 0, 23.50000000, 0.1290, 1),
(322, 4, 129, 60, 12, 231, 27.50000000, 0.5270, 2),
(323, 3, 112, 74, 30, 0, 31.60000000, 0.1970, 1),
(324, 0, 124, 70, 20, 0, 27.40000000, 0.2540, 1),
(325, 13, 152, 90, 33, 29, 26.80000000, 0.7310, 1),
(326, 2, 112, 75, 32, 0, 35.70000000, 0.1480, 2),
(327, 1, 157, 72, 21, 168, 25.60000000, 0.1230, 2),
(328, 1, 122, 64, 32, 156, 35.10000000, 0.6920, 1),
(329, 10, 179, 70, 0, 0, 35.10000000, 0.2000, 2),
(330, 2, 102, 86, 36, 120, 45.50000000, 0.1270, 1),
(331, 6, 105, 70, 32, 68, 30.80000000, 0.1220, 2),
(332, 8, 118, 72, 19, 0, 23.10000000, 1.4760, 2),
(333, 2, 87, 58, 16, 52, 32.70000000, 0.1660, 2),
(334, 1, 180, 0, 0, 0, 43.30000000, 0.2820, 1),
(335, 12, 106, 80, 0, 0, 23.60000000, 0.1370, 2),
(336, 1, 95, 60, 18, 58, 23.90000000, 0.2600, 2),
(337, 0, 165, 76, 43, 255, 47.90000000, 0.2590, 2),
(338, 0, 117, 0, 0, 0, 33.80000000, 0.9320, 2),
(339, 5, 115, 76, 0, 0, 31.20000000, 0.3430, 1),
(340, 9, 152, 78, 34, 171, 34.20000000, 0.8930, 1),
(341, 7, 178, 84, 0, 0, 39.90000000, 0.3310, 1),
(342, 1, 130, 70, 13, 105, 25.90000000, 0.4720, 2),
(343, 1, 95, 74, 21, 73, 25.90000000, 0.6730, 2),
(344, 1, 0, 68, 35, 0, 32.00000000, 0.3890, 2),
(345, 5, 122, 86, 0, 0, 34.70000000, 0.2900, 2),
(346, 8, 95, 72, 0, 0, 36.80000000, 0.4850, 2),
(347, 8, 126, 88, 36, 108, 38.50000000, 0.3490, 2),
(348, 1, 139, 46, 19, 83, 28.70000000, 0.6540, 2),
(349, 3, 116, 0, 0, 0, 23.50000000, 0.1870, 2),
(350, 3, 99, 62, 19, 74, 21.80000000, 0.2790, 2),
(351, 5, 0, 80, 32, 0, 41.00000000, 0.3460, 1),
(352, 4, 92, 80, 0, 0, 42.20000000, 0.2370, 2),
(353, 4, 137, 84, 0, 0, 31.20000000, 0.2520, 2),
(354, 3, 61, 82, 28, 0, 34.40000000, 0.2430, 2),
(355, 1, 90, 62, 12, 43, 27.20000000, 0.5800, 2),
(356, 3, 90, 78, 0, 0, 42.70000000, 0.5590, 2),
(357, 9, 165, 88, 0, 0, 30.40000000, 0.3020, 1),
(358, 1, 125, 50, 40, 167, 33.30000000, 0.9620, 1),
(359, 13, 129, 0, 30, 0, 39.90000000, 0.5690, 1),
(360, 12, 88, 74, 40, 54, 35.30000000, 0.3780, 2),
(361, 1, 196, 76, 36, 249, 36.50000000, 0.8750, 1),
(362, 5, 189, 64, 33, 325, 31.20000000, 0.5830, 1),
(363, 5, 158, 70, 0, 0, 29.80000000, 0.2070, 2),
(364, 5, 103, 108, 37, 0, 39.20000000, 0.3050, 2),
(365, 4, 146, 78, 0, 0, 38.50000000, 0.5200, 1),
(366, 4, 147, 74, 25, 293, 34.90000000, 0.3850, 2),
(367, 5, 99, 54, 28, 83, 34.00000000, 0.4990, 2),
(368, 6, 124, 72, 0, 0, 27.60000000, 0.3680, 1),
(369, 0, 101, 64, 17, 0, 21.00000000, 0.2520, 2),
(370, 3, 81, 86, 16, 66, 27.50000000, 0.3060, 2),
(371, 1, 133, 102, 28, 140, 32.80000000, 0.2340, 1),
(372, 3, 173, 82, 48, 465, 38.40000000, 2.1370, 1),
(373, 0, 118, 64, 23, 89, 0.00000000, 1.7310, 2),
(374, 0, 84, 64, 22, 66, 35.80000000, 0.5450, 2),
(375, 2, 105, 58, 40, 94, 34.90000000, 0.2250, 2),
(376, 2, 122, 52, 43, 158, 36.20000000, 0.8160, 2),
(377, 12, 140, 82, 43, 325, 39.20000000, 0.5280, 1),
(378, 0, 98, 82, 15, 84, 25.20000000, 0.2990, 2),
(379, 1, 87, 60, 37, 75, 37.20000000, 0.5090, 2),
(380, 4, 156, 75, 0, 0, 48.30000000, 0.2380, 1),
(381, 0, 93, 100, 39, 72, 43.40000000, 1.0210, 2),
(382, 1, 107, 72, 30, 82, 30.80000000, 0.8210, 2),
(383, 0, 105, 68, 22, 0, 20.00000000, 0.2360, 2),
(384, 1, 109, 60, 8, 182, 25.40000000, 0.9470, 2),
(385, 1, 90, 62, 18, 59, 25.10000000, 1.2680, 2),
(386, 1, 125, 70, 24, 110, 24.30000000, 0.2210, 2),
(387, 1, 119, 54, 13, 50, 22.30000000, 0.2050, 2),
(388, 5, 116, 74, 29, 0, 32.30000000, 0.6600, 1),
(389, 8, 105, 100, 36, 0, 43.30000000, 0.2390, 1),
(390, 5, 144, 82, 26, 285, 32.00000000, 0.4520, 1),
(391, 3, 100, 68, 23, 81, 31.60000000, 0.9490, 2),
(392, 1, 100, 66, 29, 196, 32.00000000, 0.4440, 2),
(393, 5, 166, 76, 0, 0, 45.70000000, 0.3400, 1),
(394, 1, 131, 64, 14, 415, 23.70000000, 0.3890, 2),
(395, 4, 116, 72, 12, 87, 22.10000000, 0.4630, 2),
(396, 4, 158, 78, 0, 0, 32.90000000, 0.8030, 1),
(397, 2, 127, 58, 24, 275, 27.70000000, 1.6000, 2),
(398, 3, 96, 56, 34, 115, 24.70000000, 0.9440, 2),
(399, 0, 131, 66, 40, 0, 34.30000000, 0.1960, 1),
(400, 3, 82, 70, 0, 0, 21.10000000, 0.3890, 2),
(401, 3, 193, 70, 31, 0, 34.90000000, 0.2410, 1),
(402, 4, 95, 64, 0, 0, 32.00000000, 0.1610, 1),
(403, 6, 137, 61, 0, 0, 24.20000000, 0.1510, 2),
(404, 5, 136, 84, 41, 88, 35.00000000, 0.2860, 1),
(405, 9, 72, 78, 25, 0, 31.60000000, 0.2800, 2),
(406, 5, 168, 64, 0, 0, 32.90000000, 0.1350, 1),
(407, 2, 123, 48, 32, 165, 42.10000000, 0.5200, 2),
(408, 4, 115, 72, 0, 0, 28.90000000, 0.3760, 1),
(409, 0, 101, 62, 0, 0, 21.90000000, 0.3360, 2),
(410, 8, 197, 74, 0, 0, 25.90000000, 1.1910, 1),
(411, 1, 172, 68, 49, 579, 42.40000000, 0.7020, 1),
(412, 6, 102, 90, 39, 0, 35.70000000, 0.6740, 2),
(413, 1, 112, 72, 30, 176, 34.40000000, 0.5280, 2),
(414, 1, 143, 84, 23, 310, 42.40000000, 1.0760, 2),
(415, 1, 143, 74, 22, 61, 26.20000000, 0.2560, 2),
(416, 0, 138, 60, 35, 167, 34.60000000, 0.5340, 1),
(417, 3, 173, 84, 33, 474, 35.70000000, 0.2580, 1),
(418, 1, 97, 68, 21, 0, 27.20000000, 1.0950, 2),
(419, 4, 144, 82, 32, 0, 38.50000000, 0.5540, 1),
(420, 1, 83, 68, 0, 0, 18.20000000, 0.6240, 2),
(421, 3, 129, 64, 29, 115, 26.40000000, 0.2190, 1),
(422, 1, 119, 88, 41, 170, 45.30000000, 0.5070, 2),
(423, 2, 94, 68, 18, 76, 26.00000000, 0.5610, 2),
(424, 0, 102, 64, 46, 78, 40.60000000, 0.4960, 2),
(425, 2, 115, 64, 22, 0, 30.80000000, 0.4210, 2),
(426, 8, 151, 78, 32, 210, 42.90000000, 0.5160, 1),
(427, 4, 184, 78, 39, 277, 37.00000000, 0.2640, 1),
(428, 0, 94, 0, 0, 0, 0.00000000, 0.2560, 2),
(429, 1, 181, 64, 30, 180, 34.10000000, 0.3280, 1),
(430, 0, 135, 94, 46, 145, 40.60000000, 0.2840, 2),
(431, 1, 95, 82, 25, 180, 35.00000000, 0.2330, 1),
(432, 2, 99, 0, 0, 0, 22.20000000, 0.1080, 2),
(433, 3, 89, 74, 16, 85, 30.40000000, 0.5510, 2),
(434, 1, 80, 74, 11, 60, 30.00000000, 0.5270, 2),
(435, 2, 139, 75, 0, 0, 25.60000000, 0.1670, 2),
(436, 1, 90, 68, 8, 0, 24.50000000, 1.1380, 2),
(437, 0, 141, 0, 0, 0, 42.40000000, 0.2050, 1),
(438, 12, 140, 85, 33, 0, 37.40000000, 0.2440, 2),
(439, 5, 147, 75, 0, 0, 29.90000000, 0.4340, 2),
(440, 1, 97, 70, 15, 0, 18.20000000, 0.1470, 2),
(441, 6, 107, 88, 0, 0, 36.80000000, 0.7270, 2),
(442, 0, 189, 104, 25, 0, 34.30000000, 0.4350, 1),
(443, 2, 83, 66, 23, 50, 32.20000000, 0.4970, 2),
(444, 4, 117, 64, 27, 120, 33.20000000, 0.2300, 2),
(445, 8, 108, 70, 0, 0, 30.50000000, 0.9550, 1),
(446, 4, 117, 62, 12, 0, 29.70000000, 0.3800, 1),
(447, 0, 180, 78, 63, 14, 59.40000000, 2.4200, 1),
(448, 1, 100, 72, 12, 70, 25.30000000, 0.6580, 2),
(449, 0, 95, 80, 45, 92, 36.50000000, 0.3300, 2),
(450, 0, 104, 64, 37, 64, 33.60000000, 0.5100, 1),
(451, 0, 120, 74, 18, 63, 30.50000000, 0.2850, 2),
(452, 1, 82, 64, 13, 95, 21.20000000, 0.4150, 2),
(453, 2, 134, 70, 0, 0, 28.90000000, 0.5420, 1),
(454, 0, 91, 68, 32, 210, 39.90000000, 0.3810, 2),
(455, 2, 119, 0, 0, 0, 19.60000000, 0.8320, 2),
(456, 2, 100, 54, 28, 105, 37.80000000, 0.4980, 2),
(457, 14, 175, 62, 30, 0, 33.60000000, 0.2120, 1),
(458, 1, 135, 54, 0, 0, 26.70000000, 0.6870, 2),
(459, 5, 86, 68, 28, 71, 30.20000000, 0.3640, 2),
(460, 10, 148, 84, 48, 237, 37.60000000, 1.0010, 1),
(461, 9, 134, 74, 33, 60, 25.90000000, 0.4600, 2),
(462, 9, 120, 72, 22, 56, 20.80000000, 0.7330, 2),
(463, 1, 71, 62, 0, 0, 21.80000000, 0.4160, 2),
(464, 8, 74, 70, 40, 49, 35.30000000, 0.7050, 2),
(465, 5, 88, 78, 30, 0, 27.60000000, 0.2580, 2),
(466, 10, 115, 98, 0, 0, 24.00000000, 1.0220, 2),
(467, 0, 124, 56, 13, 105, 21.80000000, 0.4520, 2),
(468, 0, 74, 52, 10, 36, 27.80000000, 0.2690, 2),
(469, 0, 97, 64, 36, 100, 36.80000000, 0.6000, 2),
(470, 8, 120, 0, 0, 0, 30.00000000, 0.1830, 1),
(471, 6, 154, 78, 41, 140, 46.10000000, 0.5710, 2),
(472, 1, 144, 82, 40, 0, 41.30000000, 0.6070, 2),
(473, 0, 137, 70, 38, 0, 33.20000000, 0.1700, 2),
(474, 0, 119, 66, 27, 0, 38.80000000, 0.2590, 2),
(475, 7, 136, 90, 0, 0, 29.90000000, 0.2100, 2),
(476, 4, 114, 64, 0, 0, 28.90000000, 0.1260, 2),
(477, 0, 137, 84, 27, 0, 27.30000000, 0.2310, 2),
(478, 2, 105, 80, 45, 191, 33.70000000, 0.7110, 1),
(479, 7, 114, 76, 17, 110, 23.80000000, 0.4660, 2),
(480, 8, 126, 74, 38, 75, 25.90000000, 0.1620, 2),
(481, 4, 132, 86, 31, 0, 28.00000000, 0.4190, 2),
(482, 3, 158, 70, 30, 328, 35.50000000, 0.3440, 1),
(483, 0, 123, 88, 37, 0, 35.20000000, 0.1970, 2),
(484, 4, 85, 58, 22, 49, 27.80000000, 0.3060, 2),
(485, 0, 84, 82, 31, 125, 38.20000000, 0.2330, 2),
(486, 0, 145, 0, 0, 0, 44.20000000, 0.6300, 1),
(487, 0, 135, 68, 42, 250, 42.30000000, 0.3650, 1),
(488, 1, 139, 62, 41, 480, 40.70000000, 0.5360, 2),
(489, 0, 173, 78, 32, 265, 46.50000000, 1.1590, 2),
(490, 4, 99, 72, 17, 0, 25.60000000, 0.2940, 2),
(491, 8, 194, 80, 0, 0, 26.10000000, 0.5510, 2),
(492, 2, 83, 65, 28, 66, 36.80000000, 0.6290, 2),
(493, 2, 89, 90, 30, 0, 33.50000000, 0.2920, 2),
(494, 4, 99, 68, 38, 0, 32.80000000, 0.1450, 2),
(495, 4, 125, 70, 18, 122, 28.90000000, 1.1440, 1),
(496, 3, 80, 0, 0, 0, 0.00000000, 0.1740, 2),
(497, 6, 166, 74, 0, 0, 26.60000000, 0.3040, 2),
(498, 5, 110, 68, 0, 0, 26.00000000, 0.2920, 2),
(499, 2, 81, 72, 15, 76, 30.10000000, 0.5470, 2),
(500, 7, 195, 70, 33, 145, 25.10000000, 0.1630, 1),
(501, 6, 154, 74, 32, 193, 29.30000000, 0.8390, 2),
(502, 2, 117, 90, 19, 71, 25.20000000, 0.3130, 2),
(503, 3, 84, 72, 32, 0, 37.20000000, 0.2670, 2),
(504, 6, 0, 68, 41, 0, 39.00000000, 0.7270, 1),
(505, 7, 94, 64, 25, 79, 33.30000000, 0.7380, 2),
(506, 3, 96, 78, 39, 0, 37.30000000, 0.2380, 2),
(507, 10, 75, 82, 0, 0, 33.30000000, 0.2630, 2),
(508, 0, 180, 90, 26, 90, 36.50000000, 0.3140, 1),
(509, 1, 130, 60, 23, 170, 28.60000000, 0.6920, 2),
(510, 2, 84, 50, 23, 76, 30.40000000, 0.9680, 2),
(511, 8, 120, 78, 0, 0, 25.00000000, 0.4090, 2),
(512, 12, 84, 72, 31, 0, 29.70000000, 0.2970, 1),
(513, 0, 139, 62, 17, 210, 22.10000000, 0.2070, 2),
(514, 9, 91, 68, 0, 0, 24.20000000, 0.2000, 2),
(515, 2, 91, 62, 0, 0, 27.30000000, 0.5250, 2),
(516, 3, 99, 54, 19, 86, 25.60000000, 0.1540, 2),
(517, 3, 163, 70, 18, 105, 31.60000000, 0.2680, 1),
(518, 9, 145, 88, 34, 165, 30.30000000, 0.7710, 1),
(519, 7, 125, 86, 0, 0, 37.60000000, 0.3040, 2),
(520, 13, 76, 60, 0, 0, 32.80000000, 0.1800, 2),
(521, 6, 129, 90, 7, 326, 19.60000000, 0.5820, 2),
(522, 2, 68, 70, 32, 66, 25.00000000, 0.1870, 2),
(523, 3, 124, 80, 33, 130, 33.20000000, 0.3050, 2),
(524, 6, 114, 0, 0, 0, 0.00000000, 0.1890, 2),
(525, 9, 130, 70, 0, 0, 34.20000000, 0.6520, 1),
(526, 3, 125, 58, 0, 0, 31.60000000, 0.1510, 2),
(527, 3, 87, 60, 18, 0, 21.80000000, 0.4440, 2),
(528, 1, 97, 64, 19, 82, 18.20000000, 0.2990, 2),
(529, 3, 116, 74, 15, 105, 26.30000000, 0.1070, 2),
(530, 0, 117, 66, 31, 188, 30.80000000, 0.4930, 2),
(531, 0, 111, 65, 0, 0, 24.60000000, 0.6600, 2),
(532, 2, 122, 60, 18, 106, 29.80000000, 0.7170, 2),
(533, 0, 107, 76, 0, 0, 45.30000000, 0.6860, 2),
(534, 1, 86, 66, 52, 65, 41.30000000, 0.9170, 2),
(535, 6, 91, 0, 0, 0, 29.80000000, 0.5010, 2),
(536, 1, 77, 56, 30, 56, 33.30000000, 1.2510, 2),
(537, 4, 132, 0, 0, 0, 32.90000000, 0.3020, 1),
(538, 0, 105, 90, 0, 0, 29.60000000, 0.1970, 2),
(539, 0, 57, 60, 0, 0, 21.70000000, 0.7350, 2),
(540, 0, 127, 80, 37, 210, 36.30000000, 0.8040, 2),
(541, 3, 129, 92, 49, 155, 36.40000000, 0.9680, 1),
(542, 8, 100, 74, 40, 215, 39.40000000, 0.6610, 1),
(543, 3, 128, 72, 25, 190, 32.40000000, 0.5490, 1),
(544, 10, 90, 85, 32, 0, 34.90000000, 0.8250, 1),
(545, 4, 84, 90, 23, 56, 39.50000000, 0.1590, 2),
(546, 1, 88, 78, 29, 76, 32.00000000, 0.3650, 2),
(547, 8, 186, 90, 35, 225, 34.50000000, 0.4230, 1),
(548, 5, 187, 76, 27, 207, 43.60000000, 1.0340, 1),
(549, 4, 131, 68, 21, 166, 33.10000000, 0.1600, 2),
(550, 1, 164, 82, 43, 67, 32.80000000, 0.3410, 2),
(551, 4, 189, 110, 31, 0, 28.50000000, 0.6800, 2),
(552, 1, 116, 70, 28, 0, 27.40000000, 0.2040, 2),
(553, 3, 84, 68, 30, 106, 31.90000000, 0.5910, 2),
(554, 6, 114, 88, 0, 0, 27.80000000, 0.2470, 2),
(555, 1, 88, 62, 24, 44, 29.90000000, 0.4220, 2),
(556, 1, 84, 64, 23, 115, 36.90000000, 0.4710, 2),
(557, 7, 124, 70, 33, 215, 25.50000000, 0.1610, 2),
(558, 1, 97, 70, 40, 0, 38.10000000, 0.2180, 2),
(559, 8, 110, 76, 0, 0, 27.80000000, 0.2370, 2),
(560, 11, 103, 68, 40, 0, 46.20000000, 0.1260, 2),
(561, 11, 85, 74, 0, 0, 30.10000000, 0.3000, 2),
(562, 6, 125, 76, 0, 0, 33.80000000, 0.1210, 1),
(563, 0, 198, 66, 32, 274, 41.30000000, 0.5020, 1),
(564, 1, 87, 68, 34, 77, 37.60000000, 0.4010, 2),
(565, 6, 99, 60, 19, 54, 26.90000000, 0.4970, 2),
(566, 0, 91, 80, 0, 0, 32.40000000, 0.6010, 2),
(567, 2, 95, 54, 14, 88, 26.10000000, 0.7480, 2),
(568, 1, 99, 72, 30, 18, 38.60000000, 0.4120, 2),
(569, 6, 92, 62, 32, 126, 32.00000000, 0.0850, 2),
(570, 4, 154, 72, 29, 126, 31.30000000, 0.3380, 2),
(571, 0, 121, 66, 30, 165, 34.30000000, 0.2030, 1),
(572, 3, 78, 70, 0, 0, 32.50000000, 0.2700, 2),
(573, 2, 130, 96, 0, 0, 22.60000000, 0.2680, 2),
(574, 3, 111, 58, 31, 44, 29.50000000, 0.4300, 2),
(575, 2, 98, 60, 17, 120, 34.70000000, 0.1980, 2),
(576, 1, 143, 86, 30, 330, 30.10000000, 0.8920, 2),
(577, 1, 119, 44, 47, 63, 35.50000000, 0.2800, 2),
(578, 6, 108, 44, 20, 130, 24.00000000, 0.8130, 2),
(579, 2, 118, 80, 0, 0, 42.90000000, 0.6930, 1),
(580, 10, 133, 68, 0, 0, 27.00000000, 0.2450, 2),
(581, 2, 197, 70, 99, 0, 34.70000000, 0.5750, 1),
(582, 0, 151, 90, 46, 0, 42.10000000, 0.3710, 1),
(583, 6, 109, 60, 27, 0, 25.00000000, 0.2060, 2),
(584, 12, 121, 78, 17, 0, 26.50000000, 0.2590, 2),
(585, 8, 100, 76, 0, 0, 38.70000000, 0.1900, 2),
(586, 8, 124, 76, 24, 600, 28.70000000, 0.6870, 1),
(587, 1, 93, 56, 11, 0, 22.50000000, 0.4170, 2),
(588, 8, 143, 66, 0, 0, 34.90000000, 0.1290, 1),
(589, 6, 103, 66, 0, 0, 24.30000000, 0.2490, 2),
(590, 3, 176, 86, 27, 156, 33.30000000, 1.1540, 1),
(591, 0, 73, 0, 0, 0, 21.10000000, 0.3420, 2),
(592, 11, 111, 84, 40, 0, 46.80000000, 0.9250, 1),
(593, 2, 112, 78, 50, 140, 39.40000000, 0.1750, 2),
(594, 3, 132, 80, 0, 0, 34.40000000, 0.4020, 1),
(595, 2, 82, 52, 22, 115, 28.50000000, 1.6990, 2),
(596, 6, 123, 72, 45, 230, 33.60000000, 0.7330, 2),
(597, 0, 188, 82, 14, 185, 32.00000000, 0.6820, 1),
(598, 0, 67, 76, 0, 0, 45.30000000, 0.1940, 2),
(599, 1, 89, 24, 19, 25, 27.80000000, 0.5590, 2),
(600, 1, 173, 74, 0, 0, 36.80000000, 0.0880, 1),
(601, 1, 109, 38, 18, 120, 23.10000000, 0.4070, 2),
(602, 1, 108, 88, 19, 0, 27.10000000, 0.4000, 2),
(603, 6, 96, 0, 0, 0, 23.70000000, 0.1900, 2),
(604, 1, 124, 74, 36, 0, 27.80000000, 0.1000, 2),
(605, 7, 150, 78, 29, 126, 35.20000000, 0.6920, 1),
(606, 4, 183, 0, 0, 0, 28.40000000, 0.2120, 1),
(607, 1, 124, 60, 32, 0, 35.80000000, 0.5140, 2),
(608, 1, 181, 78, 42, 293, 40.00000000, 1.2580, 1),
(609, 1, 92, 62, 25, 41, 19.50000000, 0.4820, 2),
(610, 0, 152, 82, 39, 272, 41.50000000, 0.2700, 2),
(611, 1, 111, 62, 13, 182, 24.00000000, 0.1380, 2),
(612, 3, 106, 54, 21, 158, 30.90000000, 0.2920, 2),
(613, 3, 174, 58, 22, 194, 32.90000000, 0.5930, 1),
(614, 7, 168, 88, 42, 321, 38.20000000, 0.7870, 1),
(615, 6, 105, 80, 28, 0, 32.50000000, 0.8780, 2),
(616, 11, 138, 74, 26, 144, 36.10000000, 0.5570, 1),
(617, 3, 106, 72, 0, 0, 25.80000000, 0.2070, 2),
(618, 6, 117, 96, 0, 0, 28.70000000, 0.1570, 2),
(619, 2, 68, 62, 13, 15, 20.10000000, 0.2570, 2),
(620, 9, 112, 82, 24, 0, 28.20000000, 1.2820, 1),
(621, 0, 119, 0, 0, 0, 32.40000000, 0.1410, 1),
(622, 2, 112, 86, 42, 160, 38.40000000, 0.2460, 2),
(623, 2, 92, 76, 20, 0, 24.20000000, 1.6980, 2),
(624, 6, 183, 94, 0, 0, 40.80000000, 1.4610, 2),
(625, 0, 94, 70, 27, 115, 43.50000000, 0.3470, 2),
(626, 2, 108, 64, 0, 0, 30.80000000, 0.1580, 2),
(627, 4, 90, 88, 47, 54, 37.70000000, 0.3620, 2),
(628, 0, 125, 68, 0, 0, 24.70000000, 0.2060, 2),
(629, 0, 132, 78, 0, 0, 32.40000000, 0.3930, 2),
(630, 5, 128, 80, 0, 0, 34.60000000, 0.1440, 2),
(631, 4, 94, 65, 22, 0, 24.70000000, 0.1480, 2),
(632, 7, 114, 64, 0, 0, 27.40000000, 0.7320, 1),
(633, 0, 102, 78, 40, 90, 34.50000000, 0.2380, 2),
(634, 2, 111, 60, 0, 0, 26.20000000, 0.3430, 2),
(635, 1, 128, 82, 17, 183, 27.50000000, 0.1150, 2),
(636, 10, 92, 62, 0, 0, 25.90000000, 0.1670, 2),
(637, 13, 104, 72, 0, 0, 31.20000000, 0.4650, 1),
(638, 5, 104, 74, 0, 0, 28.80000000, 0.1530, 2),
(639, 2, 94, 76, 18, 66, 31.60000000, 0.6490, 2),
(640, 7, 97, 76, 32, 91, 40.90000000, 0.8710, 1),
(641, 1, 100, 74, 12, 46, 19.50000000, 0.1490, 2),
(642, 0, 102, 86, 17, 105, 29.30000000, 0.6950, 2),
(643, 4, 128, 70, 0, 0, 34.30000000, 0.3030, 2),
(644, 6, 147, 80, 0, 0, 29.50000000, 0.1780, 1),
(645, 4, 90, 0, 0, 0, 28.00000000, 0.6100, 2),
(646, 3, 103, 72, 30, 152, 27.60000000, 0.7300, 2),
(647, 2, 157, 74, 35, 440, 39.40000000, 0.1340, 2),
(648, 1, 167, 74, 17, 144, 23.40000000, 0.4470, 1),
(649, 0, 179, 50, 36, 159, 37.80000000, 0.4550, 1),
(650, 11, 136, 84, 35, 130, 28.30000000, 0.2600, 1),
(651, 0, 107, 60, 25, 0, 26.40000000, 0.1330, 2),
(652, 1, 91, 54, 25, 100, 25.20000000, 0.2340, 2),
(653, 1, 117, 60, 23, 106, 33.80000000, 0.4660, 2),
(654, 5, 123, 74, 40, 77, 34.10000000, 0.2690, 2),
(655, 2, 120, 54, 0, 0, 26.80000000, 0.4550, 2),
(656, 1, 106, 70, 28, 135, 34.20000000, 0.1420, 2),
(657, 2, 155, 52, 27, 540, 38.70000000, 0.2400, 1),
(658, 2, 101, 58, 35, 90, 21.80000000, 0.1550, 2),
(659, 1, 120, 80, 48, 200, 38.90000000, 1.1620, 2),
(660, 11, 127, 106, 0, 0, 39.00000000, 0.1900, 2),
(661, 3, 80, 82, 31, 70, 34.20000000, 1.2920, 1),
(662, 10, 162, 84, 0, 0, 27.70000000, 0.1820, 2),
(663, 1, 199, 76, 43, 0, 42.90000000, 1.3940, 1),
(664, 8, 167, 106, 46, 231, 37.60000000, 0.1650, 1),
(665, 9, 145, 80, 46, 130, 37.90000000, 0.6370, 1),
(666, 6, 115, 60, 39, 0, 33.70000000, 0.2450, 1),
(667, 1, 112, 80, 45, 132, 34.80000000, 0.2170, 2),
(668, 4, 145, 82, 18, 0, 32.50000000, 0.2350, 1),
(669, 10, 111, 70, 27, 0, 27.50000000, 0.1410, 1),
(670, 6, 98, 58, 33, 190, 34.00000000, 0.4300, 2),
(671, 9, 154, 78, 30, 100, 30.90000000, 0.1640, 2),
(672, 6, 165, 68, 26, 168, 33.60000000, 0.6310, 2),
(673, 1, 99, 58, 10, 0, 25.40000000, 0.5510, 2),
(674, 10, 68, 106, 23, 49, 35.50000000, 0.2850, 2),
(675, 3, 123, 100, 35, 240, 57.30000000, 0.8800, 2),
(676, 8, 91, 82, 0, 0, 35.60000000, 0.5870, 2),
(677, 6, 195, 70, 0, 0, 30.90000000, 0.3280, 1),
(678, 9, 156, 86, 0, 0, 24.80000000, 0.2300, 1),
(679, 0, 93, 60, 0, 0, 35.30000000, 0.2630, 2),
(680, 3, 121, 52, 0, 0, 36.00000000, 0.1270, 1),
(681, 2, 101, 58, 17, 265, 24.20000000, 0.6140, 2),
(682, 2, 56, 56, 28, 45, 24.20000000, 0.3320, 2),
(683, 0, 162, 76, 36, 0, 49.60000000, 0.3640, 1),
(684, 0, 95, 64, 39, 105, 44.60000000, 0.3660, 2),
(685, 4, 125, 80, 0, 0, 32.30000000, 0.5360, 1),
(686, 5, 136, 82, 0, 0, 0.00000000, 0.6400, 2),
(687, 2, 129, 74, 26, 205, 33.20000000, 0.5910, 2),
(688, 3, 130, 64, 0, 0, 23.10000000, 0.3140, 2),
(689, 1, 107, 50, 19, 0, 28.30000000, 0.1810, 2),
(690, 1, 140, 74, 26, 180, 24.10000000, 0.8280, 2),
(691, 1, 144, 82, 46, 180, 46.10000000, 0.3350, 1),
(692, 8, 107, 80, 0, 0, 24.60000000, 0.8560, 2),
(693, 13, 158, 114, 0, 0, 42.30000000, 0.2570, 1),
(694, 2, 121, 70, 32, 95, 39.10000000, 0.8860, 2),
(695, 7, 129, 68, 49, 125, 38.50000000, 0.4390, 1),
(696, 2, 90, 60, 0, 0, 23.50000000, 0.1910, 2),
(697, 7, 142, 90, 24, 480, 30.40000000, 0.1280, 1),
(698, 3, 169, 74, 19, 125, 29.90000000, 0.2680, 1),
(699, 0, 99, 0, 0, 0, 25.00000000, 0.2530, 2),
(700, 4, 127, 88, 11, 155, 34.50000000, 0.5980, 2),
(701, 4, 118, 70, 0, 0, 44.50000000, 0.9040, 2),
(702, 2, 122, 76, 27, 200, 35.90000000, 0.4830, 2),
(703, 6, 125, 78, 31, 0, 27.60000000, 0.5650, 1),
(704, 1, 168, 88, 29, 0, 35.00000000, 0.9050, 1),
(705, 2, 129, 0, 0, 0, 38.50000000, 0.3040, 2),
(706, 4, 110, 76, 20, 100, 28.40000000, 0.1180, 2),
(707, 6, 80, 80, 36, 0, 39.80000000, 0.1770, 2),
(708, 10, 115, 0, 0, 0, 0.00000000, 0.2610, 1),
(709, 2, 127, 46, 21, 335, 34.40000000, 0.1760, 2),
(710, 9, 164, 78, 0, 0, 32.80000000, 0.1480, 1),
(711, 2, 93, 64, 32, 160, 38.00000000, 0.6740, 1),
(712, 3, 158, 64, 13, 387, 31.20000000, 0.2950, 2),
(713, 5, 126, 78, 27, 22, 29.60000000, 0.4390, 2),
(714, 10, 129, 62, 36, 0, 41.20000000, 0.4410, 1),
(715, 0, 134, 58, 20, 291, 26.40000000, 0.3520, 2),
(716, 3, 102, 74, 0, 0, 29.50000000, 0.1210, 2),
(717, 7, 187, 50, 33, 392, 33.90000000, 0.8260, 1),
(718, 3, 173, 78, 39, 185, 33.80000000, 0.9700, 1),
(719, 10, 94, 72, 18, 0, 23.10000000, 0.5950, 2),
(720, 1, 108, 60, 46, 178, 35.50000000, 0.4150, 2),
(721, 5, 97, 76, 27, 0, 35.60000000, 0.3780, 1),
(722, 4, 83, 86, 19, 0, 29.30000000, 0.3170, 2),
(723, 1, 114, 66, 36, 200, 38.10000000, 0.2890, 2),
(724, 1, 149, 68, 29, 127, 29.30000000, 0.3490, 1),
(725, 5, 117, 86, 30, 105, 39.10000000, 0.2510, 2),
(726, 1, 111, 94, 0, 0, 32.80000000, 0.2650, 2),
(727, 4, 112, 78, 40, 0, 39.40000000, 0.2360, 2),
(728, 1, 116, 78, 29, 180, 36.10000000, 0.4960, 2),
(729, 0, 141, 84, 26, 0, 32.40000000, 0.4330, 2),
(730, 2, 175, 88, 0, 0, 22.90000000, 0.3260, 2),
(731, 2, 92, 52, 0, 0, 30.10000000, 0.1410, 2),
(732, 3, 130, 78, 23, 79, 28.40000000, 0.3230, 1),
(733, 8, 120, 86, 0, 0, 28.40000000, 0.2590, 1),
(734, 2, 174, 88, 37, 120, 44.50000000, 0.6460, 1),
(735, 2, 106, 56, 27, 165, 29.00000000, 0.4260, 2),
(736, 2, 105, 75, 0, 0, 23.30000000, 0.5600, 2),
(737, 4, 95, 60, 32, 0, 35.40000000, 0.2840, 2),
(738, 0, 126, 86, 27, 120, 27.40000000, 0.5150, 2),
(739, 8, 65, 72, 23, 0, 32.00000000, 0.6000, 2),
(740, 2, 99, 60, 17, 160, 36.60000000, 0.4530, 2),
(741, 1, 102, 74, 0, 0, 39.50000000, 0.2930, 1),
(742, 11, 120, 80, 37, 150, 42.30000000, 0.7850, 1),
(743, 3, 102, 44, 20, 94, 30.80000000, 0.4000, 2),
(744, 1, 109, 58, 18, 116, 28.50000000, 0.2190, 2),
(745, 9, 140, 94, 0, 0, 32.70000000, 0.7340, 1),
(746, 13, 153, 88, 37, 140, 40.60000000, 1.1740, 2),
(747, 12, 100, 84, 33, 105, 30.00000000, 0.4880, 2),
(748, 1, 147, 94, 41, 0, 49.30000000, 0.3580, 1),
(749, 1, 81, 74, 41, 57, 46.30000000, 1.0960, 2),
(750, 3, 187, 70, 22, 200, 36.40000000, 0.4080, 1),
(751, 6, 162, 62, 0, 0, 24.30000000, 0.1780, 1),
(752, 4, 136, 70, 0, 0, 31.20000000, 1.1820, 1),
(753, 1, 121, 78, 39, 74, 39.00000000, 0.2610, 2),
(754, 3, 108, 62, 24, 0, 26.00000000, 0.2230, 2),
(755, 0, 181, 88, 44, 510, 43.30000000, 0.2220, 1),
(756, 8, 154, 78, 32, 0, 32.40000000, 0.4430, 1),
(757, 1, 128, 88, 39, 110, 36.50000000, 1.0570, 1),
(758, 7, 137, 90, 41, 0, 32.00000000, 0.3910, 2),
(759, 0, 123, 72, 0, 0, 36.30000000, 0.2580, 1),
(760, 1, 106, 76, 0, 0, 37.50000000, 0.1970, 2),
(761, 6, 190, 92, 0, 0, 35.50000000, 0.2780, 1),
(762, 2, 88, 58, 26, 16, 28.40000000, 0.7660, 2),
(763, 9, 170, 74, 31, 0, 44.00000000, 0.4030, 1),
(764, 9, 89, 62, 0, 0, 22.50000000, 0.1420, 2),
(765, 10, 101, 76, 48, 180, 32.90000000, 0.1710, 2),
(766, 2, 122, 70, 27, 0, 36.80000000, 0.3400, 2),
(767, 5, 121, 72, 23, 112, 26.20000000, 0.2450, 2),
(768, 1, 126, 60, 0, 0, 30.10000000, 0.3490, 1),
(769, 1, 93, 70, 31, 0, 30.40000000, 0.3150, 2);

-- --------------------------------------------------------

--
-- Table structure for table `diagnosis`
--

CREATE TABLE `diagnosis` (
  `id` int NOT NULL,
  `Outcome` varchar(50) NOT NULL
) ENGINE=InnoDB DEFAULT CHARSET=utf8mb4 COLLATE=utf8mb4_0900_ai_ci;

--
-- Dumping data for table `diagnosis`
--

INSERT INTO `diagnosis` (`id`, `Outcome`) VALUES
(1, 'Positive'),
(2, 'Negative');

-- --------------------------------------------------------

--
-- Table structure for table `patient`
--

CREATE TABLE `patient` (
  `id` int NOT NULL,
  `first_name` varchar(200) NOT NULL,
  `last_name` varchar(200) NOT NULL,
  `age` int NOT NULL,
  `test_result_id` int NOT NULL
) ENGINE=InnoDB DEFAULT CHARSET=utf8mb4 COLLATE=utf8mb4_0900_ai_ci;

--
-- Dumping data for table `patient`
--

INSERT INTO `patient` (`id`, `first_name`, `last_name`, `age`, `test_result_id`) VALUES
(1, '', '', 50, 2),
(2, '', '', 31, 3),
(3, '', '', 32, 4),
(4, '', '', 21, 5),
(5, '', '', 33, 6),
(6, '', '', 30, 7),
(7, '', '', 26, 8),
(8, '', '', 29, 9),
(9, '', '', 53, 10),
(10, '', '', 54, 11),
(11, '', '', 30, 12),
(12, '', '', 34, 13),
(13, '', '', 57, 14),
(14, '', '', 59, 15),
(15, '', '', 51, 16),
(16, '', '', 32, 17),
(17, '', '', 31, 18),
(18, '', '', 31, 19),
(19, '', '', 33, 20),
(20, '', '', 32, 21),
(21, '', '', 27, 22),
(22, '', '', 50, 23),
(23, '', '', 41, 24),
(24, '', '', 29, 25),
(25, '', '', 51, 26),
(26, '', '', 41, 27),
(27, '', '', 43, 28),
(28, '', '', 22, 29),
(29, '', '', 57, 30),
(30, '', '', 38, 31),
(31, '', '', 60, 32),
(32, '', '', 28, 33),
(33, '', '', 22, 34),
(34, '', '', 28, 35),
(35, '', '', 45, 36),
(36, '', '', 33, 37),
(37, '', '', 35, 38),
(38, '', '', 46, 39),
(39, '', '', 27, 40),
(40, '', '', 56, 41),
(41, '', '', 26, 42),
(42, '', '', 37, 43),
(43, '', '', 48, 44),
(44, '', '', 54, 45),
(45, '', '', 40, 46),
(46, '', '', 25, 47),
(47, '', '', 29, 48),
(48, '', '', 22, 49),
(49, '', '', 31, 50),
(50, '', '', 24, 51),
(51, '', '', 22, 52),
(52, '', '', 26, 53),
(53, '', '', 30, 54),
(54, '', '', 58, 55),
(55, '', '', 42, 56),
(56, '', '', 21, 57),
(57, '', '', 41, 58),
(58, '', '', 31, 59),
(59, '', '', 44, 60),
(60, '', '', 22, 61),
(61, '', '', 21, 62),
(62, '', '', 39, 63),
(63, '', '', 36, 64),
(64, '', '', 24, 65),
(65, '', '', 42, 66),
(66, '', '', 32, 67),
(67, '', '', 38, 68),
(68, '', '', 54, 69),
(69, '', '', 25, 70),
(70, '', '', 27, 71),
(71, '', '', 28, 72),
(72, '', '', 26, 73),
(73, '', '', 42, 74),
(74, '', '', 23, 75),
(75, '', '', 22, 76),
(76, '', '', 22, 77),
(77, '', '', 41, 78),
(78, '', '', 27, 79),
(79, '', '', 26, 80),
(80, '', '', 24, 81),
(81, '', '', 22, 82),
(82, '', '', 22, 83),
(83, '', '', 36, 84),
(84, '', '', 22, 85),
(85, '', '', 37, 86),
(86, '', '', 27, 87),
(87, '', '', 45, 88),
(88, '', '', 26, 89),
(89, '', '', 43, 90),
(90, '', '', 24, 91),
(91, '', '', 21, 92),
(92, '', '', 34, 93),
(93, '', '', 42, 94),
(94, '', '', 60, 95),
(95, '', '', 21, 96),
(96, '', '', 40, 97),
(97, '', '', 24, 98),
(98, '', '', 22, 99),
(99, '', '', 23, 100),
(100, '', '', 31, 101),
(101, '', '', 33, 102),
(102, '', '', 22, 103),
(103, '', '', 21, 104),
(104, '', '', 24, 105),
(105, '', '', 27, 106),
(106, '', '', 21, 107),
(107, '', '', 27, 108),
(108, '', '', 37, 109),
(109, '', '', 25, 110),
(110, '', '', 24, 111),
(111, '', '', 24, 112),
(112, '', '', 46, 113),
(113, '', '', 23, 114),
(114, '', '', 25, 115),
(115, '', '', 39, 116),
(116, '', '', 61, 117),
(117, '', '', 38, 118),
(118, '', '', 25, 119),
(119, '', '', 22, 120),
(120, '', '', 21, 121),
(121, '', '', 25, 122),
(122, '', '', 24, 123),
(123, '', '', 23, 124),
(124, '', '', 69, 125),
(125, '', '', 23, 126),
(126, '', '', 26, 127),
(127, '', '', 30, 128),
(128, '', '', 23, 129),
(129, '', '', 40, 130),
(130, '', '', 62, 131),
(131, '', '', 33, 132),
(132, '', '', 33, 133),
(133, '', '', 30, 134),
(134, '', '', 39, 135),
(135, '', '', 26, 136),
(136, '', '', 31, 137),
(137, '', '', 21, 138),
(138, '', '', 22, 139),
(139, '', '', 29, 140),
(140, '', '', 28, 141),
(141, '', '', 55, 142),
(142, '', '', 38, 143),
(143, '', '', 22, 144),
(144, '', '', 42, 145),
(145, '', '', 23, 146),
(146, '', '', 21, 147),
(147, '', '', 41, 148),
(148, '', '', 34, 149),
(149, '', '', 65, 150),
(150, '', '', 22, 151),
(151, '', '', 24, 152),
(152, '', '', 37, 153),
(153, '', '', 42, 154),
(154, '', '', 23, 155),
(155, '', '', 43, 156),
(156, '', '', 36, 157),
(157, '', '', 21, 158),
(158, '', '', 23, 159),
(159, '', '', 22, 160),
(160, '', '', 47, 161),
(161, '', '', 36, 162),
(162, '', '', 45, 163),
(163, '', '', 27, 164),
(164, '', '', 21, 165),
(165, '', '', 32, 166),
(166, '', '', 41, 167),
(167, '', '', 22, 168),
(168, '', '', 34, 169),
(169, '', '', 29, 170),
(170, '', '', 29, 171),
(171, '', '', 36, 172),
(172, '', '', 29, 173),
(173, '', '', 25, 174),
(174, '', '', 23, 175),
(175, '', '', 33, 176),
(176, '', '', 36, 177),
(177, '', '', 42, 178),
(178, '', '', 26, 179),
(179, '', '', 47, 180),
(180, '', '', 37, 181),
(181, '', '', 32, 182),
(182, '', '', 23, 183),
(183, '', '', 21, 184),
(184, '', '', 27, 185),
(185, '', '', 40, 186),
(186, '', '', 41, 187),
(187, '', '', 60, 188),
(188, '', '', 33, 189),
(189, '', '', 31, 190),
(190, '', '', 25, 191),
(191, '', '', 21, 192),
(192, '', '', 40, 193),
(193, '', '', 36, 194),
(194, '', '', 40, 195),
(195, '', '', 42, 196),
(196, '', '', 29, 197),
(197, '', '', 21, 198),
(198, '', '', 23, 199),
(199, '', '', 26, 200),
(200, '', '', 29, 201),
(201, '', '', 21, 202),
(202, '', '', 28, 203),
(203, '', '', 32, 204),
(204, '', '', 27, 205),
(205, '', '', 55, 206),
(206, '', '', 27, 207),
(207, '', '', 57, 208),
(208, '', '', 52, 209),
(209, '', '', 21, 210),
(210, '', '', 41, 211),
(211, '', '', 25, 212),
(212, '', '', 24, 213),
(213, '', '', 60, 214),
(214, '', '', 24, 215),
(215, '', '', 36, 216),
(216, '', '', 38, 217),
(217, '', '', 25, 218),
(218, '', '', 32, 219),
(219, '', '', 32, 220),
(220, '', '', 41, 221),
(221, '', '', 21, 222),
(222, '', '', 66, 223),
(223, '', '', 37, 224),
(224, '', '', 61, 225),
(225, '', '', 26, 226),
(226, '', '', 22, 227),
(227, '', '', 26, 228),
(228, '', '', 24, 229),
(229, '', '', 31, 230),
(230, '', '', 24, 231),
(231, '', '', 22, 232),
(232, '', '', 46, 233),
(233, '', '', 22, 234),
(234, '', '', 29, 235),
(235, '', '', 23, 236),
(236, '', '', 26, 237),
(237, '', '', 51, 238),
(238, '', '', 23, 239),
(239, '', '', 32, 240),
(240, '', '', 27, 241),
(241, '', '', 21, 242),
(242, '', '', 22, 243),
(243, '', '', 22, 244),
(244, '', '', 33, 245),
(245, '', '', 29, 246),
(246, '', '', 49, 247),
(247, '', '', 41, 248),
(248, '', '', 23, 249),
(249, '', '', 34, 250),
(250, '', '', 23, 251),
(251, '', '', 42, 252),
(252, '', '', 27, 253),
(253, '', '', 24, 254),
(254, '', '', 25, 255),
(255, '', '', 44, 256),
(256, '', '', 21, 257),
(257, '', '', 30, 258),
(258, '', '', 25, 259),
(259, '', '', 24, 260),
(260, '', '', 51, 261),
(261, '', '', 34, 262),
(262, '', '', 27, 263),
(263, '', '', 24, 264),
(264, '', '', 63, 265),
(265, '', '', 35, 266),
(266, '', '', 43, 267),
(267, '', '', 25, 268),
(268, '', '', 24, 269),
(269, '', '', 21, 270),
(270, '', '', 28, 271),
(271, '', '', 38, 272),
(272, '', '', 21, 273),
(273, '', '', 40, 274),
(274, '', '', 21, 275),
(275, '', '', 52, 276),
(276, '', '', 25, 277),
(277, '', '', 29, 278),
(278, '', '', 23, 279),
(279, '', '', 57, 280),
(280, '', '', 22, 281),
(281, '', '', 28, 282),
(282, '', '', 39, 283),
(283, '', '', 37, 284),
(284, '', '', 47, 285),
(285, '', '', 52, 286),
(286, '', '', 51, 287),
(287, '', '', 34, 288),
(288, '', '', 29, 289),
(289, '', '', 26, 290),
(290, '', '', 33, 291),
(291, '', '', 21, 292),
(292, '', '', 25, 293),
(293, '', '', 31, 294),
(294, '', '', 24, 295),
(295, '', '', 65, 296),
(296, '', '', 28, 297),
(297, '', '', 29, 298),
(298, '', '', 24, 299),
(299, '', '', 46, 300),
(300, '', '', 58, 301),
(301, '', '', 30, 302),
(302, '', '', 25, 303),
(303, '', '', 35, 304),
(304, '', '', 28, 305),
(305, '', '', 37, 306),
(306, '', '', 29, 307),
(307, '', '', 47, 308),
(308, '', '', 21, 309),
(309, '', '', 25, 310),
(310, '', '', 30, 311),
(311, '', '', 41, 312),
(312, '', '', 22, 313),
(313, '', '', 27, 314),
(314, '', '', 25, 315),
(315, '', '', 43, 316),
(316, '', '', 26, 317),
(317, '', '', 30, 318),
(318, '', '', 29, 319),
(319, '', '', 28, 320),
(320, '', '', 59, 321),
(321, '', '', 31, 322),
(322, '', '', 25, 323),
(323, '', '', 36, 324),
(324, '', '', 43, 325),
(325, '', '', 21, 326),
(326, '', '', 24, 327),
(327, '', '', 30, 328),
(328, '', '', 37, 329),
(329, '', '', 23, 330),
(330, '', '', 37, 331),
(331, '', '', 46, 332),
(332, '', '', 25, 333),
(333, '', '', 41, 334),
(334, '', '', 44, 335),
(335, '', '', 22, 336),
(336, '', '', 26, 337),
(337, '', '', 44, 338),
(338, '', '', 44, 339),
(339, '', '', 33, 340),
(340, '', '', 41, 341),
(341, '', '', 22, 342),
(342, '', '', 36, 343),
(343, '', '', 22, 344),
(344, '', '', 33, 345),
(345, '', '', 57, 346),
(346, '', '', 49, 347),
(347, '', '', 22, 348),
(348, '', '', 23, 349),
(349, '', '', 26, 350),
(350, '', '', 37, 351),
(351, '', '', 29, 352),
(352, '', '', 30, 353),
(353, '', '', 46, 354),
(354, '', '', 24, 355),
(355, '', '', 21, 356),
(356, '', '', 49, 357),
(357, '', '', 28, 358),
(358, '', '', 44, 359),
(359, '', '', 48, 360),
(360, '', '', 29, 361),
(361, '', '', 29, 362),
(362, '', '', 63, 363),
(363, '', '', 65, 364),
(364, '', '', 67, 365),
(365, '', '', 30, 366),
(366, '', '', 30, 367),
(367, '', '', 29, 368),
(368, '', '', 21, 369),
(369, '', '', 22, 370),
(370, '', '', 45, 371),
(371, '', '', 25, 372),
(372, '', '', 21, 373),
(373, '', '', 21, 374),
(374, '', '', 25, 375),
(375, '', '', 28, 376),
(376, '', '', 58, 377),
(377, '', '', 22, 378),
(378, '', '', 22, 379),
(379, '', '', 32, 380),
(380, '', '', 35, 381),
(381, '', '', 24, 382),
(382, '', '', 22, 383),
(383, '', '', 21, 384),
(384, '', '', 25, 385),
(385, '', '', 25, 386),
(386, '', '', 24, 387),
(387, '', '', 35, 388),
(388, '', '', 45, 389),
(389, '', '', 58, 390),
(390, '', '', 28, 391),
(391, '', '', 42, 392),
(392, '', '', 27, 393),
(393, '', '', 21, 394),
(394, '', '', 37, 395),
(395, '', '', 31, 396),
(396, '', '', 25, 397),
(397, '', '', 39, 398),
(398, '', '', 22, 399),
(399, '', '', 25, 400),
(400, '', '', 25, 401),
(401, '', '', 31, 402),
(402, '', '', 55, 403),
(403, '', '', 35, 404),
(404, '', '', 38, 405),
(405, '', '', 41, 406),
(406, '', '', 26, 407),
(407, '', '', 46, 408),
(408, '', '', 25, 409),
(409, '', '', 39, 410),
(410, '', '', 28, 411),
(411, '', '', 28, 412),
(412, '', '', 25, 413),
(413, '', '', 22, 414),
(414, '', '', 21, 415),
(415, '', '', 21, 416),
(416, '', '', 22, 417),
(417, '', '', 22, 418),
(418, '', '', 37, 419),
(419, '', '', 27, 420),
(420, '', '', 28, 421),
(421, '', '', 26, 422),
(422, '', '', 21, 423),
(423, '', '', 21, 424),
(424, '', '', 21, 425),
(425, '', '', 36, 426),
(426, '', '', 31, 427),
(427, '', '', 25, 428),
(428, '', '', 38, 429),
(429, '', '', 26, 430),
(430, '', '', 43, 431),
(431, '', '', 23, 432),
(432, '', '', 38, 433),
(433, '', '', 22, 434),
(434, '', '', 29, 435),
(435, '', '', 36, 436),
(436, '', '', 29, 437),
(437, '', '', 41, 438),
(438, '', '', 28, 439),
(439, '', '', 21, 440),
(440, '', '', 31, 441),
(441, '', '', 41, 442),
(442, '', '', 22, 443),
(443, '', '', 24, 444),
(444, '', '', 33, 445),
(445, '', '', 30, 446),
(446, '', '', 25, 447),
(447, '', '', 28, 448),
(448, '', '', 26, 449),
(449, '', '', 22, 450),
(450, '', '', 26, 451),
(451, '', '', 23, 452),
(452, '', '', 23, 453),
(453, '', '', 25, 454),
(454, '', '', 72, 455),
(455, '', '', 24, 456),
(456, '', '', 38, 457),
(457, '', '', 62, 458),
(458, '', '', 24, 459),
(459, '', '', 51, 460),
(460, '', '', 81, 461),
(461, '', '', 48, 462),
(462, '', '', 26, 463),
(463, '', '', 39, 464),
(464, '', '', 37, 465),
(465, '', '', 34, 466),
(466, '', '', 21, 467),
(467, '', '', 22, 468),
(468, '', '', 25, 469),
(469, '', '', 38, 470),
(470, '', '', 27, 471),
(471, '', '', 28, 472),
(472, '', '', 22, 473),
(473, '', '', 22, 474),
(474, '', '', 50, 475),
(475, '', '', 24, 476),
(476, '', '', 59, 477),
(477, '', '', 29, 478),
(478, '', '', 31, 479),
(479, '', '', 39, 480),
(480, '', '', 63, 481),
(481, '', '', 35, 482),
(482, '', '', 29, 483),
(483, '', '', 28, 484),
(484, '', '', 23, 485),
(485, '', '', 31, 486),
(486, '', '', 24, 487),
(487, '', '', 21, 488),
(488, '', '', 58, 489),
(489, '', '', 28, 490),
(490, '', '', 67, 491),
(491, '', '', 24, 492),
(492, '', '', 42, 493),
(493, '', '', 33, 494),
(494, '', '', 45, 495),
(495, '', '', 22, 496),
(496, '', '', 66, 497),
(497, '', '', 30, 498),
(498, '', '', 25, 499),
(499, '', '', 55, 500),
(500, '', '', 39, 501),
(501, '', '', 21, 502),
(502, '', '', 28, 503),
(503, '', '', 41, 504),
(504, '', '', 41, 505),
(505, '', '', 40, 506),
(506, '', '', 38, 507),
(507, '', '', 35, 508),
(508, '', '', 21, 509),
(509, '', '', 21, 510),
(510, '', '', 64, 511),
(511, '', '', 46, 512),
(512, '', '', 21, 513),
(513, '', '', 58, 514),
(514, '', '', 22, 515),
(515, '', '', 24, 516),
(516, '', '', 28, 517),
(517, '', '', 53, 518),
(518, '', '', 51, 519),
(519, '', '', 41, 520),
(520, '', '', 60, 521),
(521, '', '', 25, 522),
(522, '', '', 26, 523),
(523, '', '', 26, 524),
(524, '', '', 45, 525),
(525, '', '', 24, 526),
(526, '', '', 21, 527),
(527, '', '', 21, 528),
(528, '', '', 24, 529),
(529, '', '', 22, 530),
(530, '', '', 31, 531),
(531, '', '', 22, 532),
(532, '', '', 24, 533),
(533, '', '', 29, 534),
(534, '', '', 31, 535),
(535, '', '', 24, 536),
(536, '', '', 23, 537),
(537, '', '', 46, 538),
(538, '', '', 67, 539),
(539, '', '', 23, 540),
(540, '', '', 32, 541),
(541, '', '', 43, 542),
(542, '', '', 27, 543),
(543, '', '', 56, 544),
(544, '', '', 25, 545),
(545, '', '', 29, 546),
(546, '', '', 37, 547),
(547, '', '', 53, 548),
(548, '', '', 28, 549),
(549, '', '', 50, 550),
(550, '', '', 37, 551),
(551, '', '', 21, 552),
(552, '', '', 25, 553),
(553, '', '', 66, 554),
(554, '', '', 23, 555),
(555, '', '', 28, 556),
(556, '', '', 37, 557),
(557, '', '', 30, 558),
(558, '', '', 58, 559),
(559, '', '', 42, 560),
(560, '', '', 35, 561),
(561, '', '', 54, 562),
(562, '', '', 28, 563),
(563, '', '', 24, 564),
(564, '', '', 32, 565),
(565, '', '', 27, 566),
(566, '', '', 22, 567),
(567, '', '', 21, 568),
(568, '', '', 46, 569),
(569, '', '', 37, 570),
(570, '', '', 33, 571),
(571, '', '', 39, 572),
(572, '', '', 21, 573),
(573, '', '', 22, 574),
(574, '', '', 22, 575),
(575, '', '', 23, 576),
(576, '', '', 25, 577),
(577, '', '', 35, 578),
(578, '', '', 21, 579),
(579, '', '', 36, 580),
(580, '', '', 62, 581),
(581, '', '', 21, 582),
(582, '', '', 27, 583),
(583, '', '', 62, 584),
(584, '', '', 42, 585),
(585, '', '', 52, 586),
(586, '', '', 22, 587),
(587, '', '', 41, 588),
(588, '', '', 29, 589),
(589, '', '', 52, 590),
(590, '', '', 25, 591),
(591, '', '', 45, 592),
(592, '', '', 24, 593),
(593, '', '', 44, 594),
(594, '', '', 25, 595),
(595, '', '', 34, 596),
(596, '', '', 22, 597),
(597, '', '', 46, 598),
(598, '', '', 21, 599),
(599, '', '', 38, 600),
(600, '', '', 26, 601),
(601, '', '', 24, 602),
(602, '', '', 28, 603),
(603, '', '', 30, 604),
(604, '', '', 54, 605),
(605, '', '', 36, 606),
(606, '', '', 21, 607),
(607, '', '', 22, 608),
(608, '', '', 25, 609),
(609, '', '', 27, 610),
(610, '', '', 23, 611),
(611, '', '', 24, 612),
(612, '', '', 36, 613),
(613, '', '', 40, 614),
(614, '', '', 26, 615),
(615, '', '', 50, 616),
(616, '', '', 27, 617),
(617, '', '', 30, 618),
(618, '', '', 23, 619),
(619, '', '', 50, 620),
(620, '', '', 24, 621),
(621, '', '', 28, 622),
(622, '', '', 28, 623),
(623, '', '', 45, 624),
(624, '', '', 21, 625),
(625, '', '', 21, 626),
(626, '', '', 29, 627),
(627, '', '', 21, 628),
(628, '', '', 21, 629),
(629, '', '', 45, 630),
(630, '', '', 21, 631),
(631, '', '', 34, 632),
(632, '', '', 24, 633),
(633, '', '', 23, 634),
(634, '', '', 22, 635),
(635, '', '', 31, 636),
(636, '', '', 38, 637),
(637, '', '', 48, 638),
(638, '', '', 23, 639),
(639, '', '', 32, 640),
(640, '', '', 28, 641),
(641, '', '', 27, 642),
(642, '', '', 24, 643),
(643, '', '', 50, 644),
(644, '', '', 31, 645),
(645, '', '', 27, 646),
(646, '', '', 30, 647),
(647, '', '', 33, 648),
(648, '', '', 22, 649),
(649, '', '', 42, 650),
(650, '', '', 23, 651),
(651, '', '', 23, 652),
(652, '', '', 27, 653),
(653, '', '', 28, 654),
(654, '', '', 27, 655),
(655, '', '', 22, 656),
(656, '', '', 25, 657),
(657, '', '', 22, 658),
(658, '', '', 41, 659),
(659, '', '', 51, 660),
(660, '', '', 27, 661),
(661, '', '', 54, 662),
(662, '', '', 22, 663),
(663, '', '', 43, 664),
(664, '', '', 40, 665),
(665, '', '', 40, 666),
(666, '', '', 24, 667),
(667, '', '', 70, 668),
(668, '', '', 40, 669),
(669, '', '', 43, 670),
(670, '', '', 45, 671),
(671, '', '', 49, 672),
(672, '', '', 21, 673),
(673, '', '', 47, 674),
(674, '', '', 22, 675),
(675, '', '', 68, 676),
(676, '', '', 31, 677),
(677, '', '', 53, 678),
(678, '', '', 25, 679),
(679, '', '', 25, 680),
(680, '', '', 23, 681),
(681, '', '', 22, 682),
(682, '', '', 26, 683),
(683, '', '', 22, 684),
(684, '', '', 27, 685),
(685, '', '', 69, 686),
(686, '', '', 25, 687),
(687, '', '', 22, 688),
(688, '', '', 29, 689),
(689, '', '', 23, 690),
(690, '', '', 46, 691),
(691, '', '', 34, 692),
(692, '', '', 44, 693),
(693, '', '', 23, 694),
(694, '', '', 43, 695),
(695, '', '', 25, 696),
(696, '', '', 43, 697),
(697, '', '', 31, 698),
(698, '', '', 22, 699),
(699, '', '', 28, 700),
(700, '', '', 26, 701),
(701, '', '', 26, 702),
(702, '', '', 49, 703),
(703, '', '', 52, 704),
(704, '', '', 41, 705),
(705, '', '', 27, 706),
(706, '', '', 28, 707),
(707, '', '', 30, 708),
(708, '', '', 22, 709),
(709, '', '', 45, 710),
(710, '', '', 23, 711),
(711, '', '', 24, 712),
(712, '', '', 40, 713),
(713, '', '', 38, 714),
(714, '', '', 21, 715),
(715, '', '', 32, 716),
(716, '', '', 34, 717),
(717, '', '', 31, 718),
(718, '', '', 56, 719),
(719, '', '', 24, 720),
(720, '', '', 52, 721),
(721, '', '', 34, 722),
(722, '', '', 21, 723),
(723, '', '', 42, 724),
(724, '', '', 42, 725),
(725, '', '', 45, 726),
(726, '', '', 38, 727),
(727, '', '', 25, 728),
(728, '', '', 22, 729),
(729, '', '', 22, 730),
(730, '', '', 22, 731),
(731, '', '', 34, 732),
(732, '', '', 22, 733),
(733, '', '', 24, 734),
(734, '', '', 22, 735),
(735, '', '', 53, 736),
(736, '', '', 28, 737),
(737, '', '', 21, 738),
(738, '', '', 42, 739),
(739, '', '', 21, 740),
(740, '', '', 42, 741),
(741, '', '', 48, 742),
(742, '', '', 26, 743),
(743, '', '', 22, 744),
(744, '', '', 45, 745),
(745, '', '', 39, 746),
(746, '', '', 46, 747),
(747, '', '', 27, 748),
(748, '', '', 32, 749),
(749, '', '', 36, 750),
(750, '', '', 50, 751),
(751, '', '', 22, 752),
(752, '', '', 28, 753),
(753, '', '', 25, 754),
(754, '', '', 26, 755),
(755, '', '', 45, 756),
(756, '', '', 37, 757),
(757, '', '', 39, 758),
(758, '', '', 52, 759),
(759, '', '', 26, 760),
(760, '', '', 66, 761),
(761, '', '', 22, 762),
(762, '', '', 43, 763),
(763, '', '', 33, 764),
(764, '', '', 63, 765),
(765, '', '', 27, 766),
(766, '', '', 30, 767),
(767, '', '', 47, 768),
(768, '', '', 23, 769);

--
-- Indexes for dumped tables
--

--
-- Indexes for table `bloodtest_results`
--
ALTER TABLE `bloodtest_results`
  ADD PRIMARY KEY (`id`),
  ADD KEY `FK_Diagnosis` (`diagnosis_id`);

--
-- Indexes for table `diagnosis`
--
ALTER TABLE `diagnosis`
  ADD PRIMARY KEY (`id`);

--
-- Indexes for table `patient`
--
ALTER TABLE `patient`
  ADD PRIMARY KEY (`id`),
  ADD KEY `FK_Test_Result` (`test_result_id`);

--
-- AUTO_INCREMENT for dumped tables
--

--
-- AUTO_INCREMENT for table `bloodtest_results`
--
ALTER TABLE `bloodtest_results`
  MODIFY `id` int NOT NULL AUTO_INCREMENT, AUTO_INCREMENT=770;

--
-- AUTO_INCREMENT for table `diagnosis`
--
ALTER TABLE `diagnosis`
  MODIFY `id` int NOT NULL AUTO_INCREMENT, AUTO_INCREMENT=13;

--
-- AUTO_INCREMENT for table `patient`
--
ALTER TABLE `patient`
  MODIFY `id` int NOT NULL AUTO_INCREMENT, AUTO_INCREMENT=769;

--
-- Constraints for dumped tables
--

--
-- Constraints for table `bloodtest_results`
--
ALTER TABLE `bloodtest_results`
  ADD CONSTRAINT `FK_Diagnosis` FOREIGN KEY (`diagnosis_id`) REFERENCES `diagnosis` (`id`) ON DELETE CASCADE ON UPDATE RESTRICT;

--
-- Constraints for table `patient`
--
ALTER TABLE `patient`
  ADD CONSTRAINT `FK_Test_Result` FOREIGN KEY (`test_result_id`) REFERENCES `bloodtest_results` (`id`) ON DELETE RESTRICT ON UPDATE RESTRICT;
COMMIT;

/*!40101 SET CHARACTER_SET_CLIENT=@OLD_CHARACTER_SET_CLIENT */;
/*!40101 SET CHARACTER_SET_RESULTS=@OLD_CHARACTER_SET_RESULTS */;
/*!40101 SET COLLATION_CONNECTION=@OLD_COLLATION_CONNECTION */;
